3,-0.196735,-0.243866,-0.290222,0.254872,0.0116032,3.13793,0.234211,0.068166,0.393083,0.254872,0.0116032,3.13793,0.109276,-0.117753,2.40722,1.82566,-0.00646996,1.5811,-0.20968,-0.0468809,-0.0746755,-1.20253,-0.229589,1.60908,0.347283,0.0162924,0.122249,2.08803,0.30377,1.96071,-0.00632181,0.193577,0.35131,-0.012313,3.75808e-05,0.00707752,-0.00235293,0.0956325,0.171021,-0.0123262,4.13223e-05,0.0070754,0.156359,0.0937266,0.174268,1.00324,0.181261,-0.421229,-0.161059,0.0975321,0.167773,-1.18842,-0.0306463,1.38869,0.00170982,0.00462921,-0.000345977,0.246481,0.0131422,3.13726,0.0360305,-8.68735e-05,0.0133957,0.246481,0.0131422,3.13726,-0.00162445,-0.000534216,-0.00128735,1.81727,-0.00740856,1.58249,0.000552169,0.00298297,0.00107867,-1.20271,-0.23866,1.61227,0.00482852,-0.00416868,0.00724483,2.00747,0.288222,1.8442,-0.000761344,-0.00693476,0.00325694,-0.0170242,6.24767e-05,0.0070777,-0.000362804,-0.00287487,0.00157452,-0.0170156,6.08035e-05,0.00707712,-0.000375181,-0.00316811,0.00200744,1.08861,0.197313,-0.39199,-0.000354846,-0.00256908,0.00114451,-1.18842,-0.0307084,1.38842,-0.00105992,0.00171902,-0.00457992,0.238618,0.0178564,3.13272,0.0405451,-0.00756701,0.0101231,0.238618,0.0178564,3.13272,0.000655637,-0.000228132,0.00100317,1.8094,-0.0128461,1.58605,0.000256365,0.000758103,-0.00364041,-1.20224,-0.249444,1.60397,0.00835941,-0.00427938,0.00521999,1.93261,0.293768,1.71909,-0.00254248,-0.00563932,0.00335774,-0.0188312,6.01667e-05,0.00590138,-0.00133146,-0.00268277,0.00139178,-0.0188256,5.67178e-05,0.00589821,-0.00140113,-0.00376298,0.00309867,1.14741,0.190578,-0.371498,-0.0012617,-0.00161011,-0.000318397,-1.18842,-0.0349209,1.3883,0,0,0,0.238618,0.0178564,3.13272,0,0,0,0.238618,0.0178564,3.13272,0,0,0,1.8094,-0.0128461,1.58605,0,0,0,-1.20224,-0.249444,1.60397,0,0,0,1.93261,0.293768,1.71909,0,0,0,-0.0188312,6.01667e-05,0.00590138,0,0,0,-0.0188256,5.67178e-05,0.00589821,0,0,0,1.14741,0.190578,-0.371498,0,0,0,-1.18842,-0.0349209,1.3883,
3,-0.180338,-0.238625,-0.301415,0.277767,0.0937537,-3.13169,0.274122,0.110641,0.544738,0.285308,0.0940763,-3.13567,0.114225,-0.121019,2.41349,1.85487,-0.0207565,1.66275,-0.201106,-0.0418778,-0.0955167,-1.20815,-0.197589,1.58921,0.359296,0.0380203,0.276876,1.84484,0.322406,1.7622,-0.0331303,0.216238,0.336057,-0.000976533,6.38624e-06,0.0121832,-0.0149716,0.105662,0.164342,-0.000983222,6.12736e-06,0.012179,0.141771,0.0935306,0.186417,1.24288,0.26733,0.125913,-0.171714,0.117784,0.142259,-1.19378,-0.0444415,1.39647,-0.00164291,-0.00629483,-0.00348179,0.285308,0.0940763,-3.13567,0,0,0,0.285308,0.0940763,-3.13567,0,0,0,1.85487,-0.0207565,1.66275,0,0,0,-1.20815,-0.197589,1.58921,0,0,0,1.84484,0.322406,1.7622,0,0,0,-0.000976533,6.38624e-06,0.0121832,0,0,0,-0.000983222,6.12736e-06,0.012179,0,0,0,1.24288,0.26733,0.125913,0,0,0,-1.19378,-0.0444415,1.39647,0.00368634,0.000701835,-0.00185421,0.285827,0.0960601,-3.13394,0.0293851,0.00214475,0.0114421,0.285827,0.0960601,-3.13394,0.00209995,-0.00214299,0.0013684,1.85533,-0.0196991,1.66513,0.00274625,-0.000819472,-0.000479118,-1.208,-0.189505,1.59072,0.00400195,0.00062339,0.00711008,1.81327,0.31618,1.66732,-0.00125835,0.000174734,0.000161568,-0.00278442,2.64813e-05,0.0163048,-0.000167309,0.000123374,-7.75388e-05,-0.00278517,2.37171e-05,0.0163071,-0.000210423,-1.05181e-05,0.000183737,1.27711,0.269468,0.146284,-0.000114447,0.000255718,-0.000339003,-1.19422,-0.0455248,1.40602,0,0,0,0.285827,0.0960601,-3.13394,0,0,0,0.285827,0.0960601,-3.13394,0,0,0,1.85533,-0.0196991,1.66513,0,0,0,-1.208,-0.189505,1.59072,0,0,0,1.81327,0.31618,1.66732,0,0,0,-0.00278442,2.64813e-05,0.0163048,0,0,0,-0.00278517,2.37171e-05,0.0163071,0,0,0,1.27711,0.269468,0.146284,0,0,0,-1.19422,-0.0455248,1.40602,
3,-0.174658,-0.242867,-0.298759,0.2854,0.0834103,-3.13833,0.23599,0.0792845,0.509812,0.2854,0.0834103,-3.13833,0.116845,-0.130987,2.40388,1.85524,-0.0203279,1.65177,-0.192717,-0.0388061,-0.0902811,-1.20343,-0.201603,1.59102,0.355185,0.0360554,0.248,1.92728,0.415073,1.90844,-0.0306018,0.215749,0.335984,-0.00375286,2.56648e-05,0.014909,-0.0134498,0.105783,0.164391,-0.00375229,2.73753e-05,0.0149129,0.143676,0.0948863,0.184258,1.08683,0.250395,0.0325071,-0.170576,0.11668,0.144521,-1.19534,-0.0313778,1.42641,0,0,0,0.2854,0.0834103,-3.13833,0,0,0,0.2854,0.0834103,-3.13833,0,0,0,1.85524,-0.0203279,1.65177,0,0,0,-1.20343,-0.201603,1.59102,0,0,0,1.92728,0.415073,1.90844,0,0,0,-0.00375286,2.56648e-05,0.014909,0,0,0,-0.00375229,2.73753e-05,0.0149129,0,0,0,1.08683,0.250395,0.0325071,0,0,0,-1.19534,-0.0313778,1.42641,0.000212678,0.00163119,0.00447539,0.285457,0.0803679,-3.13446,-0.0232839,0.00882319,-0.0203809,0.285457,0.0803679,-3.13446,-0.00233343,-0.000591531,-0.00126195,1.85535,-0.0157642,1.64993,-0.000115862,0.00203081,0.00406134,-1.2031,-0.203695,1.59516,-0.000922129,0.00209937,-0.0101576,1.96283,0.377986,2.0028,0.00158138,-0.000290397,0.000754728,-0.00559249,3.67761e-05,0.0152533,0.000842251,-6.97077e-05,0.000127272,-0.00559253,4.10801e-05,0.0152588,0.00104269,0.000617777,-0.00111442,1.08346,0.236936,0.00687787,0.000641632,-0.000744973,0.00138301,-1.19534,-0.0278283,1.42644,-0.0044666,0.00407197,-0.00187525,0.269545,0.0741184,-3.13386,-0.0218699,-0.00452405,-0.013285,0.269545,0.0741184,-3.13386,-0.00346439,0.00274297,-0.00115966,1.83961,-0.0122658,1.64431,-0.00262169,0.00138819,0.000876483,-1.20266,-0.223003,1.59301,-0.00356842,-0.000638965,-0.00472402,1.98063,0.346697,2.08374,0.00115447,-0.0122035,0.00761812,-0.0134054,0.000106794,0.0176662,0.000882332,-0.00530994,0.00333906,-0.01338,0.000116522,0.0176691,0.0011404,-0.0045987,0.00140694,1.08689,0.2263,0.0093998,0.000612701,-0.00601367,0.00526524,-1.19512,-0.0278881,1.41912,
3,-0.184099,-0.23976,-0.29786,0.2809,0.0821077,-3.13432,0.191126,0.12759,0.489946,0.2809,0.0821077,-3.13432,0.109362,-0.118804,2.40846,1.85076,-0.0157465,1.65171,-0.204359,-0.0368204,-0.0885096,-1.20787,-0.205258,1.60064,0.34312,0.0472035,0.252214,1.9101,0.256484,2.03694,-0.0297182,0.21273,0.339064,-0.00514427,4.95165e-05,0.0151027,-0.012949,0.104201,0.165463,-0.00513724,4.17754e-05,0.0151069,0.144324,0.0937148,0.18438,1.21958,0.239464,0.0930207,-0.170222,0.114703,0.146558,-1.1936,-0.0326745,1.38574,0,0,0,0.2809,0.0821077,-3.13432,0,0,0,0.2809,0.0821077,-3.13432,0,0,0,1.85076,-0.0157465,1.65171,0,0,0,-1.20787,-0.205258,1.60064,0,0,0,1.9101,0.256484,2.03694,0,0,0,-0.00514427,4.95165e-05,0.0151027,0,0,0,-0.00513724,4.17754e-05,0.0151069,0,0,0,1.21958,0.239464,0.0930207,0,0,0,-1.1936,-0.0326745,1.38574,0.0012262,-0.00519179,-0.00305682,0.29473,0.0883767,-3.13892,0.0220122,0.00407234,0.0182192,0.29473,0.0883767,-3.13892,0.00263324,0.000377352,-0.000358408,1.86443,-0.0230875,1.65616,0.000274789,-0.00204809,-0.00623254,-1.20717,-0.191884,1.59902,0.00362633,0.000868787,0.00819563,1.89534,0.288229,1.95196,-0.00193932,0.0094063,-0.00666507,-0.00485129,3.87361e-05,0.012661,-0.00120128,0.00465474,-0.00314209,-0.00486489,3.26766e-05,0.0126553,-0.00158632,0.00367722,-0.00069606,1.21587,0.249238,0.0991076,-0.000815657,0.00561254,-0.00560251,-1.19358,-0.0284277,1.38496,0.00123115,-0.00138193,-0.000924175,0.30179,0.0894682,-3.14074,0.0270409,0.00158001,0.0100311,0.30179,0.0894682,-3.14074,0.00316131,-0.00023724,9.20294e-05,1.87145,-0.0257483,1.6565,0.000458673,-0.000446412,-0.00193713,-1.20641,-0.181818,1.59998,0.00845599,0.00213994,0.00102031,1.86432,0.313255,1.87661,0.000254153,0.00448068,-0.0031656,-0.00606109,3.03459e-05,0.00929747,-0.000195364,0.00234558,-0.00160436,-0.00607129,2.88418e-05,0.00929393,-0.000295266,0.00218697,-0.00093487,1.21383,0.23753,0.0929594,-9.26575e-05,0.00250143,-0.00228221,-1.1936,-0.0237861,1.3858,
3,-0.185763,-0.239063,-0.307045,0.258856,0.0731543,3.12994,0.240182,0.0998612,0.528053,0.258856,0.0731543,3.12994,0.10938,-0.112651,2.4045,1.82907,-0.029981,1.63855,-0.210367,-0.0404589,-0.0940107,-1.21552,-0.224939,1.61562,0.354497,0.0352207,0.26628,1.86669,0.294964,1.88472,-0.0308811,0.198026,0.348287,-0.00928715,7.15617e-05,0.013797,-0.0135786,0.0972892,0.169574,-0.00928683,6.59174e-05,0.0137959,0.143663,0.0862849,0.188472,1.2362,0.249777,0.122864,-0.170816,0.108279,0.150669,-1.19262,-0.0494046,1.36852,0,0,0,0.258856,0.0731543,3.12994,0,0,0,0.258856,0.0731543,3.12994,0,0,0,1.82907,-0.029981,1.63855,0,0,0,-1.21552,-0.224939,1.61562,0,0,0,1.86669,0.294964,1.88472,0,0,0,-0.00928715,7.15617e-05,0.013797,0,0,0,-0.00928683,6.59174e-05,0.0137959,0,0,0,1.2362,0.249777,0.122864,0,0,0,-1.19262,-0.0494046,1.36852,0.00185211,-0.0050118,0.00280421,0.286973,0.0782065,3.12812,0.0334971,0.0117619,0.0101671,0.286973,0.0782065,3.12812,0.00474135,-0.0012974,-0.000221453,1.85705,-0.035043,1.64201,0.00171691,9.40799e-05,-0.00208594,-1.21146,-0.192418,1.61155,0.00447668,0.00593097,0.00383929,1.84836,0.335081,1.76964,-0.000595717,0.0202615,-0.0131022,-0.00248156,3.5743e-05,0.0131697,-0.000454353,0.00942485,-0.00588016,-0.00252075,2.97184e-05,0.0131642,-0.000726243,0.0090654,-0.00393514,1.22602,0.265231,0.115378,-0.000173114,0.00979494,-0.00786685,-1.19276,-0.0341282,1.3712,-0.00157134,0.00442212,0.00229337,0.286668,0.0742765,3.12598,0.0294123,-0.00371315,0.00560064,0.286668,0.0742765,3.12598,0.000404845,-0.000303191,-0.000536623,1.85685,-0.0359677,1.63765,-0.000594537,0.00499372,0.00185175,-1.20806,-0.195681,1.61004,0.00414591,-0.00175817,-0.000577851,1.82575,0.341597,1.67835,0.000647791,-0.00126538,0.00116573,-0.010241,5.84386e-05,0.0134059,0.000448243,-2.76193e-05,8.97582e-05,-0.0102405,6.33684e-05,0.0134033,0.000560019,0.000330924,-0.0005586,1.24134,0.270686,0.110059,0.000327918,-0.000378237,0.000783181,-1.1926,-0.0205469,1.36677,
3,-0.215111,-0.238252,-0.285971,0.270434,-0.015285,-3.13522,0.331942,0.0197199,0.263037,0.270434,-0.015285,-3.13522,0.105913,-0.118753,2.41232,1.84122,0.0102203,1.55777,-0.209239,-0.0396379,-0.0716361,-1.19439,-0.205932,1.56048,0.277699,0.00496514,-0.0228801,2.03992,0.485669,1.39019,0.00716423,0.204099,0.346433,-0.0172397,-2.27901e-05,-0.00268338,0.00317198,0.100932,0.167931,-0.0172304,-2.29441e-05,-0.00268351,0.161845,0.103503,0.163393,0.909632,-0.0336049,-1.05029,-0.155499,0.0983673,0.172481,-1.19941,0.0310823,1.39839,0,0,0,0.270434,-0.015285,-3.13522,0,0,0,0.270434,-0.015285,-3.13522,0,0,0,1.84122,0.0102203,1.55777,0,0,0,-1.19439,-0.205932,1.56048,0,0,0,2.03992,0.485669,1.39019,0,0,0,-0.0172397,-2.27901e-05,-0.00268338,0,0,0,-0.0172304,-2.29441e-05,-0.00268351,0,0,0,0.909632,-0.0336049,-1.05029,0,0,0,-1.19941,0.0310823,1.39839,0.00143631,0.00687065,-0.00160985,0.247345,-0.0125031,-3.13663,0.0291173,-0.0137891,0.00307317,0.247345,-0.0125031,-3.13663,-0.0041935,-0.000582497,-0.000538315,1.81813,0.00786872,1.55989,-0.00100882,0.00221384,0.00266958,-1.19741,-0.230785,1.567,0.00608669,0.000489587,0.00716671,1.94621,0.480516,1.29392,-0.000912759,-0.0173836,0.00965849,-0.023439,-3.55016e-05,-0.00324905,-0.000506325,-0.00789472,0.00446241,-0.0234219,-3.74058e-05,-0.00325033,-0.000477207,-0.00830465,0.00538184,0.970641,-0.0242129,-1.01822,-0.000535233,-0.00748194,0.003537,-1.19959,0.0162624,1.39113,0,0,0,0.247345,-0.0125031,-3.13663,0,0,0,0.247345,-0.0125031,-3.13663,0,0,0,1.81813,0.00786872,1.55989,0,0,0,-1.19741,-0.230785,1.567,0,0,0,1.94621,0.480516,1.29392,0,0,0,-0.023439,-3.55016e-05,-0.00324905,0,0,0,-0.0234219,-3.74058e-05,-0.00325033,0,0,0,0.970641,-0.0242129,-1.01822,0,0,0,-1.19959,0.0162624,1.39113,
3,-0.217033,-0.239724,-0.285888,0.278193,-0.0199284,-3.13303,0.358522,0.00907903,0.26554,0.278193,-0.0199284,-3.13303,0.108489,-0.118262,2.41497,1.84896,0.0137086,1.55399,-0.210116,-0.0428562,-0.0699487,-1.19638,-0.182026,1.56074,0.288775,0.00693059,-0.0187089,2.00634,0.541077,1.33339,0.00798564,0.209965,0.342972,-0.0146121,1.40104e-05,0.00269638,0.00410615,0.103545,0.166299,-0.0146238,1.82489e-05,0.00269756,0.162712,0.106871,0.160313,0.890336,-0.0202068,-0.997104,-0.154503,0.100217,0.172288,-1.19968,0.0294791,1.39752,0,0,0,0.278193,-0.0199284,-3.13303,0,0,0,0.278193,-0.0199284,-3.13303,0,0,0,1.84896,0.0137086,1.55399,0,0,0,-1.19638,-0.182026,1.56074,0,0,0,2.00634,0.541077,1.33339,0,0,0,-0.0146121,1.40104e-05,0.00269638,0,0,0,-0.0146238,1.82489e-05,0.00269756,0,0,0,0.890336,-0.0202068,-0.997104,0,0,0,-1.19968,0.0294791,1.39752,-0.00193396,0.00362712,-0.000898464,0.26761,-0.0221295,-3.1317,-0.0289401,0.00396861,-0.000620286,0.26761,-0.0221295,-3.1317,-0.00190557,0.00056823,-0.000243157,1.83838,0.0153916,1.55207,0.000726672,0.00318045,-0.000620616,-1.19294,-0.200883,1.55265,-0.00665099,0.00122834,-0.00450786,2.08572,0.517679,1.43075,0.00192421,-0.00789157,0.00412261,-0.017049,-1.35108e-05,-0.000849418,0.000571322,-0.00351928,0.00213021,-0.0170355,-1.05627e-05,-0.000848008,0.000536019,-0.0030564,0.00146773,0.8581,-0.0292531,-1.02609,0.000606443,-0.00397614,0.00280041,-1.19957,0.037077,1.40083,-0.00100056,-0.00222292,-0.00377337,0.260987,-0.0243788,-3.13185,-0.0216797,-0.000911194,-0.00208472,0.260987,-0.0243788,-3.13185,0.001611,0.000628683,0.00161572,1.83174,0.0157009,1.54976,0.000188817,-0.00330522,-0.00283886,-1.1935,-0.208985,1.54957,-0.00475059,0.000139005,-0.0045744,2.16404,0.51008,1.50214,0.000374197,-0.00510236,0.00275246,-0.0193879,7.73256e-06,0.00163716,0.00041823,-0.00222394,0.00130903,-0.0193796,1.06447e-05,0.00163677,0.000389319,-0.00189294,0.000817853,0.809618,-0.0355284,-1.04999,0.000446931,-0.00257648,0.00178087,-1.19944,0.0299778,1.40485,
3,-0.220847,-0.23543,-0.285248,0.262435,-0.0327492,-3.13013,0.311179,0.0178606,0.278951,0.262435,-0.0327492,-3.13013,0.108149,-0.116266,2.41149,1.83314,0.0195655,1.54214,-0.212351,-0.0420363,-0.0662639,-1.19574,-0.197214,1.56336,0.280762,0.00157305,-0.0113278,2.18972,0.471224,1.51795,0.0129071,0.198004,0.34895,-0.0190973,4.32679e-05,0.00479521,0.00666876,0.0983448,0.169385,-0.0190969,4.51445e-05,0.00479478,0.165057,0.103747,0.160013,0.812997,0.0414562,-1.01244,-0.15172,0.0929439,0.178758,-1.19961,0.0325,1.39293,0,0,0,0.262435,-0.0327492,-3.13013,0,0,0,0.262435,-0.0327492,-3.13013,0,0,0,1.83314,0.0195655,1.54214,0,0,0,-1.19574,-0.197214,1.56336,0,0,0,2.18972,0.471224,1.51795,0,0,0,-0.0190973,4.32679e-05,0.00479521,0,0,0,-0.0190969,4.51445e-05,0.00479478,0,0,0,0.812997,0.0414562,-1.01244,0,0,0,-1.19961,0.0325,1.39293,0.0014283,-0.00184755,-0.00187709,0.262438,-0.0264446,-3.13039,-0.0286475,0.00510008,0.000988093,0.262438,-0.0264446,-3.13039,0.00139186,-0.000539874,0.000513667,1.83319,0.0176787,1.54817,0.000970919,-0.000895818,-0.0026996,-1.19642,-0.201648,1.56106,-0.00179855,0.000165303,-2.11616e-05,2.26581,0.451674,1.60972,-0.00221096,-0.000588735,0.000284755,-0.0218301,6.22139e-05,0.00461367,-0.00109233,-2.56878e-05,5.58876e-05,-0.0218301,5.39377e-05,0.00461333,-0.000982614,-0.000911294,0.00158729,0.763261,0.0285578,-1.0223,-0.00119901,0.000851825,-0.00148267,-1.19955,0.0271399,1.39567,-0.0025655,0.00803713,0.00108742,0.244151,-0.0324387,-3.12983,-0.0128333,-0.00219094,-0.00532574,0.244151,-0.0324387,-3.12983,-0.00333696,0.000503459,-0.000366199,1.81487,0.0192576,1.54217,-0.00114513,0.00436374,0.00425885,-1.19489,-0.221242,1.55941,-0.00444138,0.00265313,-0.0061173,2.30517,0.429534,1.65055,0.00293056,-0.0133033,0.00739991,-0.0251471,3.00478e-05,0.00325918,0.00125435,-0.00624787,0.00339035,-0.0251234,3.80209e-05,0.00325922,0.00114664,-0.00522944,0.00202567,0.740812,0.0167723,-1.0435,0.00135803,-0.0072442,0.00477023,-1.19967,0.0301917,1.39016,
3,-0.211312,-0.202417,-0.321079,0.247293,0.0607619,3.13655,0.240297,0.0971516,0.417108,0.247293,0.0607619,3.13655,0.162518,-0.161054,2.21381,1.81768,-0.0197548,1.62849,-0.206873,-0.0134691,-0.0981154,-0.647784,-0.212715,1.5192,0.33848,-0.0046165,0.157329,1.94084,0.141615,1.84367,-0.0233648,0.1879,0.353906,-0.0158854,3.19501e-05,0.00273601,-0.0109876,0.093132,0.172083,-0.0158869,2.44777e-05,0.00273394,0.146814,0.0842316,0.186977,1.23872,0.217948,-0.389013,-0.168788,0.102032,0.157195,-0.641682,0.0523849,1.37359,0,0,0,0.247293,0.0607619,3.13655,0,0,0,0.247293,0.0607619,3.13655,0,0,0,1.81768,-0.0197548,1.62849,0,0,0,-0.647784,-0.212715,1.5192,0,0,0,1.94084,0.141615,1.84367,0,0,0,-0.0158854,3.19501e-05,0.00273601,0,0,0,-0.0158869,2.44777e-05,0.00273394,0,0,0,1.23872,0.217948,-0.389013,0,0,0,-0.641682,0.0523849,1.37359,-0.00294395,-0.000611473,0.000709575,0.247971,0.0554958,3.13537,0.0275375,0.00235603,0.00783221,0.247971,0.0554958,3.13537,-0.000213382,0.000669555,-0.000173095,1.81843,-0.0196495,1.62308,-0.000119602,0.00121728,-0.000941469,-0.643895,-0.219906,1.51256,0.00434269,-0.000443742,0.000141755,1.91693,0.137998,1.76485,0.00105758,0.000451772,0.000480162,-0.0178119,3.95576e-05,0.00526484,0.000793565,0.000248983,-8.54896e-05,-0.0178126,4.50313e-05,0.00526357,0.00092495,0.000891539,-0.00113498,1.27394,0.226889,-0.378309,0.000660128,-0.000391013,0.000959875,-0.641591,0.0630188,1.37488,0.00141063,-0.00010308,-0.00252662,0.248027,0.0607618,3.13426,0.0156994,0.00152862,0.00392141,0.248027,0.0607618,3.13426,0.000757002,0.000182101,-0.000226565,1.81842,-0.0220171,1.62791,-0.000972615,0.00010405,-0.00263488,-0.647065,-0.220445,1.5177,-0.000785593,0.00105417,0.000407487,1.87976,0.138648,1.70109,-0.00239453,0.000187503,-0.000313908,-0.0174097,6.79744e-05,0.00670934,-0.0010159,5.53461e-05,-9.24788e-05,-0.0174098,6.10714e-05,0.00670788,-0.00118825,-0.000767631,0.00128664,1.30386,0.209347,-0.382092,-0.000843792,0.000874807,-0.00147401,-0.641964,0.06049,1.36943,
3,-0.212784,-0.191611,-0.310068,0.263767,0.0610175,3.12335,0.165146,0.100096,0.400455,0.263767,0.0610175,3.12335,0.14364,-0.161807,2.20617,1.83422,-0.0335128,1.62496,-0.208586,-0.000209105,-0.0892033,-0.646292,-0.190089,1.51483,0.328781,0.00482353,0.168117,2.06564,0.1717,2.07761,-0.0197031,0.206233,0.364253,-0.0265851,-0.000399107,-0.030447,-0.0120704,0.0990284,0.168607,-0.0265993,-0.000403813,-0.03046,0.145443,0.0892544,0.185631,1.09427,0.220367,-0.356772,-0.169578,0.108828,0.151616,-0.642717,0.0818953,1.35198,0,0,0,0.263767,0.0610175,3.12335,0,0,0,0.263767,0.0610175,3.12335,0,0,0,1.83422,-0.0335128,1.62496,0,0,0,-0.646292,-0.190089,1.51483,0,0,0,2.06564,0.1717,2.07761,0,0,0,-0.0265851,-0.000399107,-0.030447,0,0,0,-0.0265993,-0.000403813,-0.03046,0,0,0,1.09427,0.220367,-0.356772,0,0,0,-0.642717,0.0818953,1.35198,-0.0034804,0.00298277,-0.00600645,0.263642,0.0690013,3.1012,-0.0267818,0.00794708,-0.00839115,0.263642,0.0690013,3.1012,-0.0109808,0.00157709,-0.00545357,1.83424,-0.0569691,1.62691,-0.002508,0.00229377,-0.00544793,-0.650132,-0.187095,1.49902,-0.00638281,0.000153171,0.0101191,2.04712,0.144077,2.14051,0.0016663,0.0101131,0.00878167,-0.0087519,-0.000293037,-0.070336,-0.00343345,0.000639313,-0.00067918,-0.00875128,-0.000303909,-0.0703662,-0.00426872,-0.00213973,0.00422447,1.1139,0.200124,-0.345235,-0.00259269,0.0034521,-0.00552967,-0.644242,0.0732104,1.33266,0.00142792,-0.000284445,-5.23262e-05,0.264695,0.0659365,3.10186,-0.00934296,0.00908256,0.00131833,0.264695,0.0659365,3.10186,-0.0140649,-0.00215862,-0.00586396,1.83532,-0.0555867,1.62406,0.00130855,-0.001415,0.000906315,-0.648681,-0.179639,1.50063,0.00080259,0.00910573,0.00928739,2.02051,0.133819,2.18636,0.00252433,0.0154771,0.0113303,0.0194606,0.000692387,-0.0718186,0.000596484,0.000312475,-8.80676e-05,0.0194587,0.000697347,-0.0718176,0.000773384,0.000799542,-0.000879439,1.14387,0.197492,-0.278246,0.00041956,-0.000174756,0.000693192,-0.643676,0.0724005,1.33994,
3,-0.190518,-0.229335,-0.346859,0.260948,0.105323,-3.12923,0.286952,0.0708981,0.487625,0.260948,0.105323,-3.12923,0.154095,-0.174892,2.20997,1.8303,-0.0151771,1.67576,-0.203658,-0.0246538,-0.132976,-0.64979,-0.244838,1.56782,0.361736,0.0162585,0.210572,1.81673,0.33938,1.70905,-0.0368749,0.196061,0.347433,-0.0168716,8.75382e-05,0.0112684,-0.0166797,0.0972719,0.169311,-0.0168668,9.28853e-05,0.0112639,0.139791,0.0837587,0.192487,1.18071,0.149379,-0.160496,-0.17315,0.110786,0.146131,-0.637371,0.041887,1.37926,0,0,0,0.260948,0.105323,-3.12923,0,0,0,0.260948,0.105323,-3.12923,0,0,0,1.8303,-0.0151771,1.67576,0,0,0,-0.64979,-0.244838,1.56782,0,0,0,1.81673,0.33938,1.70905,0,0,0,-0.0168716,8.75382e-05,0.0112684,0,0,0,-0.0168668,9.28853e-05,0.0112639,0,0,0,1.18071,0.149379,-0.160496,0,0,0,-0.637371,0.041887,1.37926,0.000176564,-0.00195727,-0.0018754,0.259155,0.102959,-3.12452,-0.0442202,-0.0101139,-0.0183125,0.259155,0.102959,-3.12452,-0.00080456,-0.000585391,0.00077637,1.82856,-0.00982864,1.6747,0.00134277,-0.00374534,0.000575228,-0.648388,-0.239467,1.56508,-0.00737144,0.00347029,-0.00750504,1.89164,0.377712,1.85801,0.0015439,-0.000602298,0.000380107,-0.0113812,6.85251e-05,0.0129361,0.000828799,-0.00075268,0.000508381,-0.0113786,7.19098e-05,0.0129431,0.00106579,-8.0567e-05,-0.000742197,1.09918,0.140948,-0.177288,0.000591001,-0.00142751,0.00176417,-0.637049,0.0349157,1.38818,0.00399998,-0.0038836,-0.00579073,0.267967,0.11295,-3.1261,-0.0632943,-0.0102643,-0.038833,0.267967,0.11295,-3.1261,0.00331253,-0.000187885,0.000978992,1.83705,-0.0149006,1.68383,-0.000760547,-0.00497609,-0.00469692,-0.654349,-0.215173,1.57299,-0.0125407,0.00038509,-0.00939393,2.03885,0.4121,2.06538,-0.00314759,0.00794022,-0.00549499,0.000260787,1.57736e-05,0.0132399,-0.00170317,0.00298532,-0.00190479,0.000249677,3.02573e-06,0.0132367,-0.00225073,0.00160479,0.000918637,0.96691,0.115732,-0.240263,-0.00115366,0.00435326,-0.0047379,-0.637262,0.0224164,1.38275,
3,-0.207423,-0.200276,-0.321927,0.259611,0.0709087,3.1372,0.199479,0.118647,0.389438,0.259611,0.0709087,3.1372,0.159529,-0.159848,2.2105,1.82981,-0.0224368,1.63821,-0.207903,-0.00701268,-0.102651,-0.649673,-0.206981,1.53151,0.331372,0.00682114,0.142828,1.89597,0.127085,1.95123,-0.0265423,0.195699,0.348902,-0.0196357,2.20812e-05,0.00278476,-0.0124821,0.0973524,0.169628,-0.0196374,2.60244e-05,0.00278422,0.144994,0.0872416,0.18702,1.24801,0.133228,-0.452746,-0.169957,0.107467,0.152239,-0.643375,0.075674,1.36205,0,0,0,0.259611,0.0709087,3.1372,0,0,0,0.259611,0.0709087,3.1372,0,0,0,1.82981,-0.0224368,1.63821,0,0,0,-0.649673,-0.206981,1.53151,0,0,0,1.89597,0.127085,1.95123,0,0,0,-0.0196357,2.20812e-05,0.00278476,0,0,0,-0.0196374,2.60244e-05,0.00278422,0,0,0,1.24801,0.133228,-0.452746,0,0,0,-0.643375,0.075674,1.36205,-0.00164095,-0.000337441,-0.00248393,0.254769,0.0684594,3.13577,0.00746815,0.00206982,0.00604514,0.254769,0.0684594,3.13577,0.00120296,0.000571171,0.000989253,1.82503,-0.0228769,1.63559,-0.000206751,-0.00122569,-0.00170327,-0.648855,-0.212771,1.52755,0.000628185,-0.00066339,0.00276128,1.87681,0.112083,1.9269,-0.000112737,-0.00243189,0.00202135,-0.0164205,3.97377e-05,0.00558671,0.000203321,-0.001618,0.00093413,-0.0164143,4.28198e-05,0.00558531,0.000265019,-0.00145721,0.000464862,1.27696,0.14158,-0.438107,0.000140618,-0.00178842,0.00139595,-0.643257,0.0732119,1.3637,-0.00104764,-0.00378265,0.00357222,0.267359,0.0649951,3.13572,0.00849494,0.00488006,0.00097372,0.267359,0.0649951,3.13572,0.00114714,-0.000121242,0.000578853,1.83765,-0.0228205,1.63194,7.48268e-05,-0.000861304,0.000980625,-0.646949,-0.200956,1.52551,0.00117102,0.000360401,-0.000720847,1.89859,0.121232,1.90357,0.00165636,0.00991305,-0.00487314,-0.0114306,1.78214e-05,0.00557629,0.000770215,0.00425716,-0.00242099,-0.0114552,2.49265e-05,0.00557454,0.000872374,0.00488535,-0.0030153,1.25899,0.158802,-0.440249,0.000672267,0.00363075,-0.00182992,-0.643193,0.0804332,1.36474,
3,-0.214148,-0.213402,-0.358845,0.258123,0.109357,3.11898,0.238472,0.183647,0.584658,0.258123,0.109357,3.11898,0.1539,-0.159275,2.21043,1.82767,-0.0497387,1.67081,-0.210552,-0.0139892,-0.14058,-0.697535,-0.233493,1.49413,0.342776,0.0777121,0.347592,1.68839,0.145502,1.82697,-0.0473124,0.19747,0.344128,-0.0117418,0.000130744,0.0230055,-0.0207474,0.0976272,0.168657,-0.0117423,0.000134076,0.0230045,0.134463,0.0808209,0.197479,1.44873,0.141776,0.428322,-0.175957,0.114438,0.139838,-0.697211,0.0535936,1.3392,0,0,0,0.258123,0.109357,3.11898,0,0,0,0.258123,0.109357,3.11898,0,0,0,1.82767,-0.0497387,1.67081,0,0,0,-0.697535,-0.233493,1.49413,0,0,0,1.68839,0.145502,1.82697,0,0,0,-0.0117418,0.000130744,0.0230055,0,0,0,-0.0117423,0.000134076,0.0230045,0,0,0,1.44873,0.141776,0.428322,0,0,0,-0.697211,0.0535936,1.3392,0.0024714,-0.00303082,0.0015095,0.259855,0.110648,3.12253,0.00618305,0.000719274,0.00774403,0.259855,0.110648,3.12253,-0.00111687,-0.000407322,-0.00045776,1.82932,-0.0468014,1.67289,8.94342e-05,-0.00103098,-0.000626021,-0.69823,-0.238922,1.50427,-0.000799077,0.00404934,0.00394328,1.6773,0.160512,1.79913,-8.75071e-05,0.000331751,0.000759454,-0.01743,0.000207737,0.0235684,0.000166732,0.00045009,-0.000240901,-0.0174324,0.000206127,0.0235729,0.000207287,0.000584926,-0.00038152,1.43861,0.140189,0.449091,0.000122826,0.000312273,-9.78123e-05,-0.697201,0.0534024,1.34046,-0.00156881,-0.0011212,0.00134577,0.259506,0.109095,3.12473,0.0174275,0.00259971,0.00771533,0.259506,0.109095,3.12473,-0.000892551,-0.000169513,-0.00107885,1.82899,-0.0442492,1.67196,-0.000256399,0.000244598,0.000412199,-0.696067,-0.245864,1.50232,0.00282845,-0.000499478,0.0014391,1.67935,0.149416,1.74505,0.000162739,-0.000167594,0.00013969,-0.0163004,0.000222692,0.027658,0.000456551,-0.000216376,0.000182016,-0.0162998,0.000224973,0.0276613,0.000618428,0.000154061,-0.000486542,1.45791,0.146167,0.451508,0.000296866,-0.000582152,0.000845595,-0.697145,0.0560235,1.34098,
3,-0.193635,-0.22015,-0.356539,0.249906,0.124727,-3.13186,0.296389,0.197907,0.645567,0.249906,0.124727,-3.13186,0.14901,-0.167572,2.21242,1.81878,-0.0213402,1.69408,-0.202879,-0.0206196,-0.139284,-0.705861,-0.25116,1.54294,0.336838,0.091096,0.379143,1.64704,0.122525,1.58593,-0.0487558,0.190684,0.349233,-0.0072103,0.00011032,0.0332946,-0.0204454,0.093517,0.171008,-0.00721023,0.000117157,0.0332964,0.135004,0.0769549,0.198649,1.50622,0.129038,0.561604,-0.175893,0.110082,0.143361,-0.695764,0.0327791,1.37101,0,0,0,0.249906,0.124727,-3.13186,0,0,0,0.249906,0.124727,-3.13186,0,0,0,1.81878,-0.0213402,1.69408,0,0,0,-0.705861,-0.25116,1.54294,0,0,0,1.64704,0.122525,1.58593,0,0,0,-0.0072103,0.00011032,0.0332946,0,0,0,-0.00721023,0.000117157,0.0332964,0,0,0,1.50622,0.129038,0.561604,0,0,0,-0.695764,0.0327791,1.37101,-0.000404095,0.000584262,-0.000855589,0.250242,0.126409,-3.13375,-0.00628019,-0.00313539,0.000240941,0.250242,0.126409,-3.13375,0.000218338,0.000221558,0.000270507,1.81907,-0.0236276,1.69524,0.000584356,0.000376899,-0.00126726,-0.703586,-0.251555,1.53817,-0.000261429,-0.00131623,0.000487994,1.6433,0.13223,1.60286,-0.00140941,0.000136081,-0.00033557,-0.00879718,0.000158933,0.0353484,-0.000465821,0.000189421,-0.000159828,-0.00879757,0.000157213,0.0353464,-0.000623715,-0.000188912,0.000497176,1.49308,0.12925,0.555871,-0.000310326,0.00056293,-0.000810974,-0.695788,0.0333396,1.37121,-0.000761671,0.000524485,-0.00018518,0.249812,0.123169,-3.13339,-0.014932,-0.00280061,-0.00403612,0.249812,0.123169,-3.13339,0.000510041,-0.000387953,-0.000178713,1.81874,-0.0224287,1.6922,0.00078597,-0.00174448,0.0016875,-0.702188,-0.243084,1.53276,0.00104471,-0.000343287,-0.000783639,1.64906,0.143901,1.66281,0.00114963,-0.00094464,0.000431943,-0.0115977,0.000193255,0.0351655,0.000579246,-0.000154238,0.000155249,-0.0115969,0.000198481,0.0351662,0.000776868,0.00031655,-0.000648098,1.47797,0.135011,0.557355,0.000387445,-0.000621424,0.000953669,-0.695623,0.0298483,1.37647,
3,-0.211873,-0.21886,-0.364006,0.257343,0.120535,3.11582,0.293056,0.183148,0.621009,0.257343,0.120535,3.11582,0.158577,-0.158254,2.21389,1.82664,-0.0555391,1.68088,-0.210287,-0.0174576,-0.147253,-0.702126,-0.243544,1.49623,0.336072,0.0757733,0.363036,1.66964,0.134028,1.58051,-0.0518428,0.197414,0.343828,-0.0127262,0.000139209,0.0228081,-0.0229386,0.0975888,0.168389,-0.0127189,0.0001434,0.0228072,0.131484,0.0790072,0.200194,1.49366,0.147524,0.457999,-0.177358,0.116179,0.136582,-0.697261,0.038595,1.33626,0,0,0,0.257343,0.120535,3.11582,0,0,0,0.257343,0.120535,3.11582,0,0,0,1.82664,-0.0555391,1.68088,0,0,0,-0.702126,-0.243544,1.49623,0,0,0,1.66964,0.134028,1.58051,0,0,0,-0.0127262,0.000139209,0.0228081,0,0,0,-0.0127189,0.0001434,0.0228072,0,0,0,1.49366,0.147524,0.457999,0,0,0,-0.697261,0.038595,1.33626,0.00213287,-0.0041137,-0.00106413,0.261211,0.124191,3.11387,-0.00130659,-0.000496333,0.00408285,0.261211,0.124191,3.11387,0.00124955,-0.000281383,0.0012705,1.83041,-0.0587868,1.6837,0.000476087,-0.00251458,-0.00230263,-0.70436,-0.241716,1.50007,-0.00166498,0.00272341,0.00380232,1.65565,0.152508,1.57162,-0.000892735,0.00406032,-0.00212793,-0.00709876,8.02024e-05,0.0214281,-0.000661957,0.00143587,-0.000929511,-0.00710236,7.70907e-05,0.021426,-0.000983537,0.000898012,0.000288589,1.47329,0.144788,0.465479,-0.000342045,0.00195995,-0.0021456,-0.697288,0.0330162,1.33663,-0.00158422,-0.00109376,0.000938327,0.265187,0.118853,3.11638,-0.00875615,0.00231412,-0.00995185,0.265187,0.118853,3.11638,0.0010253,-0.000170513,0.000750973,1.83449,-0.0554261,1.67896,-0.000284298,-0.00117812,0.00141148,-0.702261,-0.232905,1.49793,0.00224439,-0.000572972,-0.00632018,1.67819,0.153075,1.62053,0.00303861,0.00321855,-0.00129098,-0.00249915,7.96031e-06,0.0197412,0.00124472,0.00117947,-0.000530577,-0.0025094,2.32495e-05,0.0197468,0.00167059,0.00218822,-0.001988,1.47313,0.159435,0.452148,0.000818232,0.000173359,0.00092515,-0.697183,0.0378237,1.33945,
3,-0.177063,-0.288191,-0.263689,0.368569,0.0407244,-3.09131,0.434625,0.114846,0.392598,0.368569,0.0407244,-3.09131,0.205864,-0.171738,2.40845,1.93925,0.0322455,1.6269,-0.214526,-0.056469,-0.0830322,-0.391273,-0.169314,1.69115,0.387753,-0.021408,0.136304,1.99853,0.236851,1.38483,-0.00681344,0.270358,0.309493,-0.0322301,9.63347e-05,0.00479025,-0.00276827,0.135738,0.150384,-0.0322206,8.27402e-05,0.00478635,0.164761,0.133445,0.155538,1.23505,0.357501,-0.494632,-0.170308,0.138026,0.145234,-0.343084,0.0233434,1.40988,0,0,0,0.368569,0.0407244,-3.09131,0,0,0,0.368569,0.0407244,-3.09131,0,0,0,1.93925,0.0322455,1.6269,0,0,0,-0.391273,-0.169314,1.69115,0,0,0,1.99853,0.236851,1.38483,0,0,0,-0.0322301,9.63347e-05,0.00479025,0,0,0,-0.0322206,8.27402e-05,0.00478635,0,0,0,1.23505,0.357501,-0.494632,0,0,0,-0.343084,0.0233434,1.40988,-0.0042513,0.0121923,0.00226911,0.365414,0.0433873,-3.0932,-0.0309458,0.00365316,0.0293288,0.365414,0.0433873,-3.0932,-0.00070786,0.00146684,4.15065e-05,1.93602,0.0296995,1.6286,0.000256359,0.00824611,0.0059075,-0.386404,-0.158076,1.67386,-0.0029295,0.00233983,0.0256152,2.06186,0.237537,1.47992,-0.00180143,-0.00210995,0.00162124,-0.0323828,0.000137208,0.00819548,-0.000519792,-0.000974513,0.000873277,-0.0323786,0.00013391,0.00819318,-0.000548464,-0.00140304,0.00178538,1.21291,0.415298,-0.423792,-0.000486038,-0.000540528,-4.08132e-05,-0.343191,0.0255525,1.4045,0.00905832,-0.0263349,-0.0138474,0.371914,0.0588275,-3.09243,-0.0395606,-0.00685442,0.0253439,0.371914,0.0588275,-3.09243,0.00379573,-0.00109425,0.00418553,1.94216,0.0244491,1.64345,0.00609348,-0.0180945,-0.0200048,-0.385359,-0.177148,1.67756,-0.00622077,-0.00179412,0.0220998,2.12163,0.273746,1.5769,-0.00579441,0.00516036,-0.00458419,-0.0227658,0.00018284,0.013575,-0.00228144,0.0017241,-0.00161487,-0.0227735,0.000162672,0.0135756,-0.00255096,-0.000171664,0.0027395,1.14365,0.448026,-0.389372,-0.00200077,0.00357923,-0.00597807,-0.342777,0.0104247,1.43033,
3,-0.16014,-0.340584,-0.280565,0.378178,0.0421082,-3.05038,0.40453,0.195994,0.54116,0.378178,0.0421082,-3.05038,0.20728,-0.169232,2.42103,1.94958,0.0692288,1.64363,-0.208234,-0.103458,-0.0949208,-0.393521,-0.151664,1.72979,0.423189,0.0809164,0.272792,1.95963,0.3467,1.63502,-0.00504012,0.276084,0.303162,-0.0269002,0.000258626,0.0203356,-0.000392116,0.138445,0.147938,-0.0269063,0.000265748,0.0203387,0.167221,0.13812,0.148676,1.30596,0.447007,0.196308,-0.167997,0.138762,0.147182,-0.344767,-0.0336696,1.45201,0,0,0,0.378178,0.0421082,-3.05038,0,0,0,0.378178,0.0421082,-3.05038,0,0,0,1.94958,0.0692288,1.64363,0,0,0,-0.393521,-0.151664,1.72979,0,0,0,1.95963,0.3467,1.63502,0,0,0,-0.0269002,0.000258626,0.0203356,0,0,0,-0.0269063,0.000265748,0.0203387,0,0,0,1.30596,0.447007,0.196308,0,0,0,-0.344767,-0.0336696,1.45201,0,0,0,0.378178,0.0421082,-3.05038,0,0,0,0.378178,0.0421082,-3.05038,0,0,0,1.94958,0.0692288,1.64363,0,0,0,-0.393521,-0.151664,1.72979,0,0,0,1.95963,0.3467,1.63502,0,0,0,-0.0269002,0.000258626,0.0203356,0,0,0,-0.0269063,0.000265748,0.0203387,0,0,0,1.30596,0.447007,0.196308,0,0,0,-0.344767,-0.0336696,1.45201,-0.00228317,0.0269873,0.0260136,0.379726,0.035662,-3.04802,0.0354633,0.00232709,-0.0206165,0.379726,0.035662,-3.04802,0.000422794,-0.00137175,-0.000511232,1.95136,0.0736909,1.63864,-0.00354325,0.0213459,0.0236985,-0.398321,-0.143765,1.74039,0.0131762,0.00147281,-0.0187168,1.9183,0.34619,1.56354,0.00174168,0.00097832,-0.000475281,-0.030053,0.000319686,0.0227139,0.00107164,0.000631265,-0.000593878,-0.0300563,0.000330095,0.0227177,0.00108019,0.00152194,-0.00264387,1.30568,0.411609,0.149295,0.00106701,-0.000246886,0.00146475,-0.34409,-0.0291664,1.43084,
3,-0.124255,-0.303188,-0.321489,0.374594,0.112295,-3.04108,0.356904,0.185413,0.466358,0.374594,0.112295,-3.04108,0.207561,-0.184239,2.41309,1.94346,0.0526145,1.71194,-0.188713,-0.0800572,-0.123638,-0.373201,-0.0914588,1.74568,0.381744,0.00856296,0.231797,1.99813,0.0891593,1.59474,-0.0247396,0.270142,0.308091,-0.0263757,0.000215321,0.0161139,-0.0102643,0.135263,0.150473,-0.0263636,0.000213134,0.0161067,0.156072,0.126771,0.169454,1.40533,0.405136,-0.183819,-0.1766,0.143768,0.131494,-0.342275,0.00221962,1.4836,0,0,0,0.374594,0.112295,-3.04108,0,0,0,0.374594,0.112295,-3.04108,0,0,0,1.94346,0.0526145,1.71194,0,0,0,-0.373201,-0.0914588,1.74568,0,0,0,1.99813,0.0891593,1.59474,0,0,0,-0.0263757,0.000215321,0.0161139,0,0,0,-0.0263636,0.000213134,0.0161067,0,0,0,1.40533,0.405136,-0.183819,0,0,0,-0.342275,0.00221962,1.4836,-0.0110277,0.0174,0.0226166,0.371772,0.114163,-3.04493,0.0400364,0.0124727,-0.0175911,0.371772,0.114163,-3.04493,-0.000580632,-0.00016495,-0.00145654,1.9405,0.0487465,1.71213,-0.00431498,0.0163704,0.0168767,-0.377074,-0.110629,1.72733,0.0110707,-0.000373543,-0.0107632,1.9262,0.0241227,1.50009,-0.000533403,-0.00215,0.0013694,-0.0277473,0.000185658,0.0131968,-0.000543085,-0.000815312,0.000707168,-0.0277438,0.000183729,0.0131926,-0.000661058,-0.00126303,0.00155913,1.49951,0.349245,-0.211645,-0.00042314,-0.000372391,-0.000147976,-0.342283,-0.00133499,1.46616,-0.0166823,0.00882637,0.0144652,0.369898,0.0958983,-3.05911,0.0299601,-0.0215886,-0.0210525,0.369898,0.0958983,-3.05911,-0.00110904,0.00355543,-0.00179199,1.93926,0.0423303,1.68995,-0.00547297,0.00881861,0.0130668,-0.375962,-0.119824,1.69795,0.00426864,-0.0074132,-0.0291198,1.9078,0.0728156,1.41715,0.00393459,0.000703311,-0.000135635,-0.0263229,0.000121058,0.0127492,0.00183819,0.000199819,-7.50225e-05,-0.0263223,0.000144061,0.0127317,0.00223497,0.00172128,-0.00340861,1.45389,0.324778,-0.301543,0.00143872,-0.00131619,0.00325952,-0.342267,0.00412707,1.44966,
3,-0.299568,-0.225279,-0.371716,0.248886,0.0186466,-3.10858,0.212489,0.047426,0.338535,0.248886,0.0186466,-3.10858,0.189242,-0.146479,2.42313,1.81974,0.0274027,1.597,-0.281515,-0.0136674,-0.148548,-0.505242,-0.261081,1.51059,0.324822,-0.035419,0.0724382,2.43977,0.18047,1.96176,0.00102095,0.186539,0.363848,-0.0464717,-6.9376e-05,-0.00313776,0.000177386,0.096639,0.178084,-0.046472,-7.19778e-05,-0.00313845,0.167802,0.0967851,0.177837,0.724807,0.290799,-0.780602,-0.16745,0.096491,0.17833,-0.483661,0.163826,1.24808,0,0,0,0.248886,0.0186466,-3.10858,0,0,0,0.248886,0.0186466,-3.10858,0,0,0,1.81974,0.0274027,1.597,0,0,0,-0.505242,-0.261081,1.51059,0,0,0,2.43977,0.18047,1.96176,0,0,0,-0.0464717,-6.9376e-05,-0.00313776,0,0,0,-0.046472,-7.19778e-05,-0.00313845,0,0,0,0.724807,0.290799,-0.780602,0,0,0,-0.483661,0.163826,1.24808,0,0,0,0.248886,0.0186466,-3.10858,0,0,0,0.248886,0.0186466,-3.10858,0,0,0,1.81974,0.0274027,1.597,0,0,0,-0.505242,-0.261081,1.51059,0,0,0,2.43977,0.18047,1.96176,0,0,0,-0.0464717,-6.9376e-05,-0.00313776,0,0,0,-0.046472,-7.19778e-05,-0.00313845,0,0,0,0.724807,0.290799,-0.780602,0,0,0,-0.483661,0.163826,1.24808,0.0153207,0.00377807,-0.00944942,0.246084,0.0442118,-3.10407,0.0319367,0.0392504,0.0159458,0.246084,0.0442118,-3.10407,-0.00160857,-0.00318473,0.000349615,1.81672,0.0256277,1.62282,0.0101126,-0.00468086,-0.00313743,-0.507251,-0.236485,1.51621,0.00275015,-0.0003535,0.0195254,2.12596,0.059465,1.82975,-0.00783667,-0.00222231,0.00234918,-0.046242,-0.000122237,-0.00647981,-0.00406209,-0.00133633,0.000679155,-0.0462395,-0.000141681,-0.00647821,-0.00419057,-0.00469575,0.00627969,1.08542,0.286618,-0.724539,-0.00392882,0.00201854,-0.00491604,-0.48156,0.129347,1.26286,
3,-0.204659,-0.255666,-0.403599,0.250241,0.156747,-3.05061,0.168525,0.0864999,0.369829,0.250241,0.156747,-3.05061,0.190867,-0.162812,2.42807,1.81822,0.0495519,1.74501,-0.233541,-0.0497805,-0.175498,-0.531495,-0.250255,1.61524,0.353075,0.0190684,0.144103,1.88319,0.229221,2.12896,-0.0396261,0.180443,0.366192,-0.0430308,0.000129848,0.0050577,-0.0184159,0.0930124,0.179059,-0.0430295,0.000114895,0.0050594,0.146633,0.0777785,0.20395,1.18625,-0.0239329,-0.458574,-0.183467,0.108245,0.154175,-0.475364,-0.00213012,1.34142,0,0,0,0.250241,0.156747,-3.05061,0,0,0,0.250241,0.156747,-3.05061,0,0,0,1.81822,0.0495519,1.74501,0,0,0,-0.531495,-0.250255,1.61524,0,0,0,1.88319,0.229221,2.12896,0,0,0,-0.0430308,0.000129848,0.0050577,0,0,0,-0.0430295,0.000114895,0.0050594,0,0,0,1.18625,-0.0239329,-0.458574,0,0,0,-0.475364,-0.00213012,1.34142,0.00514214,-0.00466314,0.00174909,0.25595,0.16324,-3.0435,-0.00221467,0.00647858,0.0013287,0.25595,0.16324,-3.0435,-0.000639292,-0.00139618,-2.44117e-05,1.82365,0.0538221,1.75333,-9.17853e-05,-0.0044772,0.00122282,-0.536741,-0.240183,1.63018,0.000699143,0.00434037,0.00297961,1.85364,0.230232,2.13556,-0.000380541,0.002997,-0.00195994,-0.0428934,6.10694e-05,0.00250448,-0.00044286,0.00155276,-0.000865426,-0.0428972,5.57505e-05,0.0025092,-0.000596727,0.0011858,-2.37421e-05,1.21006,-0.0388405,-0.442939,-0.000287506,0.00191923,-0.00171104,-0.475348,-0.0137441,1.34144,-0.000685157,-0.00686603,0.0031903,0.263576,0.15323,-3.03873,0.00853809,0.0165442,0.00201703,0.263576,0.15323,-3.03873,0.002369,-0.00188694,0.00160961,1.83169,0.0596115,1.74533,0.00458125,-0.00475048,0.00165585,-0.526012,-0.235261,1.61873,0.00246921,0.00109,0.000897225,1.82884,0.187505,2.12157,0.00413081,0.00747616,-0.00232623,-0.036886,7.97243e-05,0.00558468,0.00225016,0.00288912,-0.0013387,-0.0368966,9.13082e-05,0.00558914,0.00281337,0.00475009,-0.00397027,1.25313,-0.00551292,-0.42189,0.00170216,0.00101947,0.00127959,-0.475509,-0.00614365,1.36059,
3,-0.206739,-0.277495,-0.374083,0.258466,0.108612,-3.03322,0.194461,0.0989246,0.353003,0.258466,0.108612,-3.03322,0.198723,-0.166254,2.43429,1.82849,0.0770978,1.70341,-0.229947,-0.0579624,-0.154883,-0.523067,-0.281448,1.62845,0.36742,0.0317718,0.119,1.94092,0.216674,2.14949,-0.0189047,0.19079,0.364217,-0.0364618,0.000211307,0.0102434,-0.00800928,0.0971836,0.1776,-0.0364687,0.000193915,0.0102441,0.159045,0.0905593,0.188758,1.14472,0.0193263,-0.443486,-0.175063,0.103798,0.16644,-0.475469,0.0211976,1.37796,0,0,0,0.258466,0.108612,-3.03322,0,0,0,0.258466,0.108612,-3.03322,0,0,0,1.82849,0.0770978,1.70341,0,0,0,-0.523067,-0.281448,1.62845,0,0,0,1.94092,0.216674,2.14949,0,0,0,-0.0364618,0.000211307,0.0102434,0,0,0,-0.0364687,0.000193915,0.0102441,0,0,0,1.14472,0.0193263,-0.443486,0,0,0,-0.475469,0.0211976,1.37796,-0.000231441,-8.86451e-05,0.00604914,0.261082,0.0999074,-3.03337,-0.00119983,-0.00621083,-0.00849782,0.261082,0.0999074,-3.03337,-0.00119285,-0.000913212,0.000429936,1.83138,0.0788347,1.69518,-0.00057532,0.00161549,0.00445075,-0.522811,-0.282202,1.63348,0.00285261,0.00430456,-0.00761903,1.99788,0.247428,2.18137,0.00345356,0.00241669,-0.00210963,-0.0350457,0.000143183,0.00875762,0.00148203,0.00125916,-0.000630304,-0.0350489,0.000151025,0.00875722,0.00168445,0.00248468,-0.00261545,1.08113,0.00921508,-0.449223,0.00128238,4.44226e-05,0.00136075,-0.475405,0.0303736,1.37859,-0.007323,0.00220294,0.00373525,0.263925,0.0921072,-3.0388,0.00689982,0.00994659,0.00459525,0.263925,0.0921072,-3.0388,-0.00151611,0.00278008,-0.000211664,1.83434,0.0752624,1.68648,-0.00381079,0.00156647,0.00324442,-0.521545,-0.275302,1.62342,-0.00300784,-0.00168218,-0.00111851,1.96519,0.222338,2.139,0.00126738,0.00285159,-0.000848427,-0.0360119,0.000175271,0.0102215,0.000768629,0.00135318,-0.000734016,-0.0360151,0.000181972,0.0102164,0.000855039,0.00198762,-0.00173965,1.12174,0.027875,-0.457611,0.000675267,0.000719579,0.000271779,-0.475746,0.0368189,1.36856,
3,-0.191406,-0.242994,-0.250538,0.351647,0.0648618,-3.12703,0.0413803,0.075947,0.519273,0.351647,0.0648618,-3.12703,0.162493,-0.171456,2.32654,1.92169,-0.0086561,1.63671,-0.209359,-0.00841101,-0.0749755,-0.503413,-0.22274,1.61101,0.28559,0.0163009,0.372469,2.51942,0.249002,2.53313,-0.0185505,0.256778,0.317073,-0.0427131,-0.000126618,-0.0021602,-0.00898709,0.130491,0.154192,-0.0427205,-8.74032e-05,-0.0022183,0.157378,0.123079,0.170172,1.04541,0.859435,0.484026,-0.175295,0.137963,0.13828,-0.474045,0.0827666,1.38618,0,0,0,0.351647,0.0648618,-3.12703,0,0,0,0.351647,0.0648618,-3.12703,0,0,0,1.92169,-0.0086561,1.63671,0,0,0,-0.503413,-0.22274,1.61101,0,0,0,2.51942,0.249002,2.53313,0,0,0,-0.0427131,-0.000126618,-0.0021602,0,0,0,-0.0427205,-8.74032e-05,-0.0022183,0,0,0,1.04541,0.859435,0.484026,0,0,0,-0.474045,0.0827666,1.38618,0,0,0,0.351647,0.0648618,-3.12703,0,0,0,0.351647,0.0648618,-3.12703,0,0,0,1.92169,-0.0086561,1.63671,0,0,0,-0.503413,-0.22274,1.61101,0,0,0,2.51942,0.249002,2.53313,0,0,0,-0.0427131,-0.000126618,-0.0021602,0,0,0,-0.0427205,-8.74032e-05,-0.0022183,0,0,0,1.04541,0.859435,0.484026,0,0,0,-0.474045,0.0827666,1.38618,0.00554113,-0.00931199,-0.0141977,0.366189,0.0672858,3.11525,-0.0250271,0.00702368,-0.0175021,0.366189,0.0672858,3.11525,-0.0133971,-0.00956156,-0.00562007,1.93657,-0.0486781,1.62421,0.00927795,-0.00620569,-0.018037,-0.487198,-0.206469,1.58956,-0.0111002,-0.00582555,0.0103069,2.57674,0.202664,2.58558,-0.00534362,0.0144088,-0.0154144,-0.0108872,2.32078e-05,-0.000767582,-0.00285244,0.00544363,-0.0046501,-0.0109031,1.00786e-05,-0.000789522,-0.00345773,0.00307377,0.00139314,0.984169,0.889785,0.433993,-0.00227082,0.00777567,-0.0107189,-0.471457,0.089315,1.41645,
3,-0.166148,-0.241226,-0.266175,0.320492,0.136142,-3.04779,0.0468716,0.0476991,0.531057,0.320492,0.136142,-3.04779,0.18612,-0.164322,2.33657,1.88858,0.0463404,1.72938,-0.207503,-0.0142806,-0.0845562,-0.534404,-0.258176,1.6833,0.285046,0.0209942,0.37045,2.35707,0.364686,2.49263,-0.0315451,0.216094,0.359868,-0.153966,-0.00122021,-0.0157692,-0.0145861,0.117472,0.163947,-0.154031,-0.00122062,-0.0157989,0.150909,0.105394,0.187335,1.02463,0.688285,0.500466,-0.18008,0.129574,0.140612,-0.473742,0.0281676,1.39058,0,0,0,0.320492,0.136142,-3.04779,0,0,0,0.320492,0.136142,-3.04779,0,0,0,1.88858,0.0463404,1.72938,0,0,0,-0.534404,-0.258176,1.6833,0,0,0,2.35707,0.364686,2.49263,0,0,0,-0.153966,-0.00122021,-0.0157692,0,0,0,-0.154031,-0.00122062,-0.0157989,0,0,0,1.02463,0.688285,0.500466,0,0,0,-0.473742,0.0281676,1.39058,-0.0252581,-0.0017681,0.0156371,0.351647,0.0648618,-3.12703,-0.00549122,0.0282479,-0.0117841,0.351647,0.0648618,-3.12703,-0.0236263,-0.00713325,-0.0100248,1.92169,-0.0086561,1.63671,-0.00185614,0.00586962,0.00958073,-0.503413,-0.22274,1.61101,0.000543594,-0.00469329,0.00201868,2.51942,0.249002,2.53313,0.0129946,0.0406845,-0.042795,-0.0427131,-0.000126618,-0.0021602,0.00559903,0.0130188,-0.0097551,-0.0427205,-8.74032e-05,-0.0022183,0.00646939,0.0176848,-0.0171638,1.04541,0.859435,0.484026,0.0047849,0.00838949,-0.00233181,-0.474045,0.0827666,1.38618,0,0,0,0.351647,0.0648618,-3.12703,0,0,0,0.351647,0.0648618,-3.12703,0,0,0,1.92169,-0.0086561,1.63671,0,0,0,-0.503413,-0.22274,1.61101,0,0,0,2.51942,0.249002,2.53313,0,0,0,-0.0427131,-0.000126618,-0.0021602,0,0,0,-0.0427205,-8.74032e-05,-0.0022183,0,0,0,1.04541,0.859435,0.484026,0,0,0,-0.474045,0.0827666,1.38618,
3,-0.142158,-0.216679,-0.333938,0.303966,0.207653,-3.08086,-0.0650143,0.0422797,0.660054,0.303966,0.207653,-3.08086,0.202406,-0.183386,2.31418,1.86804,-0.003676,1.787,-0.186019,-0.00511554,-0.133031,-0.527301,-0.206905,1.63629,0.169178,0.0833112,0.489438,1.83792,0.673025,2.41744,-0.0641503,0.216259,0.338682,-0.0512635,0.000260329,0.00998705,-0.0295838,0.111832,0.166315,-0.0512483,0.000258335,0.00999219,0.129996,0.0873634,0.211164,1.02846,0.493765,1.09943,-0.189184,0.136326,0.121481,-0.495683,0.0450434,1.41741,0,0,0,0.303966,0.207653,-3.08086,0,0,0,0.303966,0.207653,-3.08086,0,0,0,1.86804,-0.003676,1.787,0,0,0,-0.527301,-0.206905,1.63629,0,0,0,1.83792,0.673025,2.41744,0,0,0,-0.0512635,0.000260329,0.00998705,0,0,0,-0.0512483,0.000258335,0.00999219,0,0,0,1.02846,0.493765,1.09943,0,0,0,-0.495683,0.0450434,1.41741,7.54157e-06,5.53059e-05,4.4133e-05,0.304015,0.207827,-3.08082,-6.03504e-05,-2.48154e-05,-4.4867e-05,0.303981,0.207706,-3.08084,0.000863846,-0.00213191,0.00203271,1.87197,-0.00653867,1.80628,4.50124e-05,6.44459e-05,1.41085e-05,-0.527411,-0.206984,1.63612,-1.26909e-05,-3.52178e-06,3.86031e-06,1.83795,0.673055,2.41755,-0.00623303,0.0034123,-0.00223956,-0.0487807,0.000357896,0.012418,-0.00273221,0.00116286,-0.00127744,-0.0487864,0.000332416,0.012422,-1.53735e-07,-4.05147e-06,8.72114e-07,1.02843,0.493761,1.09944,8.745e-06,-3.95691e-05,-3.39269e-05,-0.495836,0.0452717,1.41734,0,0,0,0.304015,0.207827,-3.08082,0,0,0,0.303981,0.207706,-3.08084,0,0,0,1.87197,-0.00653867,1.80628,0,0,0,-0.527411,-0.206984,1.63612,0,0,0,1.83795,0.673055,2.41755,0,0,0,-0.0487807,0.000357896,0.012418,0,0,0,-0.0487864,0.000332416,0.012422,0,0,0,1.02843,0.493761,1.09944,0,0,0,-0.495836,0.0452717,1.41734,
3,-0.220157,-0.245389,-0.272358,0.304531,0.0185823,-3.10042,0.523956,0.228462,0.592525,0.304531,0.0185823,-3.10042,0.217484,-0.16245,2.327,1.87546,0.0337077,1.60088,-0.228723,-0.0378954,-0.0638488,-0.532331,-0.174602,1.60193,0.406631,0.17851,0.327581,1.19355,0.387012,1.12974,-0.00291176,0.226525,0.341743,-0.0456106,0.000424695,0.0189467,0.000482947,0.115782,0.16621,-0.0455887,0.000427887,0.0189385,0.168102,0.116183,0.16545,1.05532,0.144941,0.618239,-0.167133,0.115395,0.166985,-0.493729,0.0226662,1.35451,0,0,0,0.304531,0.0185823,-3.10042,0,0,0,0.304531,0.0185823,-3.10042,0,0,0,1.87546,0.0337077,1.60088,0,0,0,-0.532331,-0.174602,1.60193,0,0,0,1.19355,0.387012,1.12974,0,0,0,-0.0456106,0.000424695,0.0189467,0,0,0,-0.0455887,0.000427887,0.0189385,0,0,0,1.05532,0.144941,0.618239,0,0,0,-0.493729,0.0226662,1.35451,-0.00668303,-0.00542384,-0.00183811,0.322753,0.0119453,-3.10932,0.0182046,0.000193553,-0.0334554,0.322753,0.0119453,-3.10932,0.00609095,0.00106292,0.00234031,1.89365,0.0268153,1.59237,-0.00327447,-0.00391095,-0.00373954,-0.527331,-0.146016,1.59087,-0.00273084,-0.00142654,-0.0216948,1.1796,0.392047,1.04142,0.00055379,0.0139768,-0.0102573,-0.0346186,0.000304541,0.0181705,0.00018863,0.00603245,-0.00438097,-0.0346392,0.000311628,0.0181602,0.000186795,0.00618155,-0.00474073,1.04759,0.160728,0.567447,0.00019309,0.00584071,-0.00405319,-0.493918,0.0303783,1.34774,-0.0102383,0.00209972,0.00763407,0.332089,-0.00686647,-3.11551,0.0354709,0.00376686,-0.0136761,0.332089,-0.00686647,-3.11551,0.00337277,0.0019926,0.00092821,1.90301,0.0268978,1.57281,-0.00320473,0.00371336,0.00581473,-0.522381,-0.134684,1.57546,0.0149697,-0.0015356,-0.00318341,1.18107,0.380829,0.984183,0.00384252,0.00727285,-0.00552402,-0.0288671,0.000302517,0.024167,0.00244551,0.00316334,-0.00243078,-0.0288783,0.000324903,0.0241596,0.00232555,0.00519042,-0.00661733,1.04475,0.211904,0.552031,0.00256237,0.00115997,0.00175715,-0.494324,0.0542708,1.33763,
3,-0.205654,-0.24865,-0.258805,0.406573,0.0159425,-3.08037,0.120909,0.0796767,0.405888,0.406573,0.0159425,-3.08037,0.243479,-0.173878,2.07375,1.97786,0.049922,1.60967,-0.211684,-0.0125788,-0.0843502,-0.530809,-0.122023,1.59551,0.285023,-0.047176,0.198574,2.97014,0.209236,2.18963,0.0155396,0.265938,0.324589,-0.242472,-0.00675721,-0.0559399,0.00117353,0.146978,0.139174,-0.242497,-0.00678731,-0.0559428,0.168766,0.147963,0.136731,0.263499,0.875438,-0.71169,-0.166398,0.146011,0.141639,-0.537856,0.200335,1.41375,0,0,0,0.406573,0.0159425,-3.08037,0,0,0,0.406573,0.0159425,-3.08037,0,0,0,1.97786,0.049922,1.60967,0,0,0,-0.530809,-0.122023,1.59551,0,0,0,2.97014,0.209236,2.18963,0,0,0,-0.242472,-0.00675721,-0.0559399,0,0,0,-0.242497,-0.00678731,-0.0559428,0,0,0,0.263499,0.875438,-0.71169,0,0,0,-0.537856,0.200335,1.41375,0.00448394,-0.00399432,0.00138308,0.41143,0.0158423,-3.08043,-0.0110181,-0.00467284,-0.00778463,0.41143,0.0158423,-3.08043,-0.00301617,-0.00498912,-0.0005266,1.98271,0.0497242,1.6098,0.00566461,-0.00232976,-0.000850658,-0.52414,-0.121749,1.59127,0.00736437,0.00323954,0.00167567,2.9932,0.210326,2.26734,-0.00671109,0.0171875,-0.0255391,-0.126688,-0.00186361,-0.0293892,-5.34751e-05,0.0014195,-0.00137193,-0.126695,-0.00186406,-0.0293894,-2.97934e-05,0.00137232,-0.00129898,0.223569,0.86042,-0.672309,-6.32194e-05,0.00146249,-0.00144781,-0.533587,0.19801,1.43496,-0.0219867,0.0253532,0.010593,0.402619,0.0164957,3.14088,-0.0130179,0.00163818,0.0100598,0.402619,0.0164957,3.14088,-0.0187771,0.00787701,-0.00667693,1.97337,-0.00712289,1.5857,-0.0101266,0.0242198,0.012056,-0.536962,-0.133177,1.53893,-0.0122298,-0.00710595,0.0150118,2.9677,0.19016,2.23745,-0.0107329,0.00149563,-0.00707181,-0.0644665,-0.000508562,-0.0155825,-0.00347282,-0.00264992,0.00224111,-0.0644507,-0.000509006,-0.0156928,-0.00384928,-0.00550311,0.00947922,0.269152,0.877612,-0.661837,-0.00305198,0.000605308,-0.00461023,-0.547574,0.209061,1.36473,
3,-0.19646,-0.219656,-0.287388,0.287414,0.0214503,-3.06746,0.26066,0.0781858,0.410054,0.287414,0.0214503,-3.06746,0.258616,-0.17627,2.08724,1.85877,0.0650066,1.61241,-0.210363,-0.00895717,-0.0833937,-0.539221,-0.228368,1.62852,0.306691,-0.0786237,0.158681,2.53463,0.011833,1.74121,0.00589401,0.211764,0.352486,-0.0663501,0.000145509,0.00487044,0.00320985,0.11013,0.170046,-0.0663481,0.000156737,0.00487038,0.170746,0.112783,0.165163,0.900587,0.75576,-0.67887,-0.164325,0.107475,0.174926,-0.535377,0.153494,1.42814,0,0,0,0.287414,0.0214503,-3.06746,0,0,0,0.287414,0.0214503,-3.06746,0,0,0,1.85877,0.0650066,1.61241,0,0,0,-0.539221,-0.228368,1.62852,0,0,0,2.53463,0.011833,1.74121,0,0,0,-0.0663501,0.000145509,0.00487044,0,0,0,-0.0663481,0.000156737,0.00487038,0,0,0,0.900587,0.75576,-0.67887,0,0,0,-0.535377,0.153494,1.42814,-0.00957763,0.000586983,0.00415282,0.285879,0.00149072,-3.07036,-0.00361885,-0.00397193,-0.00501994,0.285879,0.00149072,-3.07036,0.00029592,0.00240498,-9.42394e-05,1.85736,0.0679192,1.59235,-0.00285354,0.000546444,0.00454294,-0.53394,-0.228682,1.61392,-0.0030686,-0.001011,-0.00706151,2.59986,0.0178916,1.75938,0.00626618,-0.000446379,-0.000368866,-0.0669351,0.000217059,0.00722893,0.00313914,-5.59305e-05,-5.23701e-05,-0.0669349,0.000234156,0.00722647,0.00284158,0.00254038,-0.00481623,0.820237,0.788461,-0.721251,0.00343089,-0.00264645,0.00471086,-0.535732,0.167593,1.42584,-0.0042483,0.000896744,0.00484207,0.288197,-0.00718508,-3.07079,-0.0148894,-0.00717243,0.000475979,0.288197,-0.00718508,-3.07079,-0.00225157,0.00210546,-0.00178466,1.85972,0.0699185,1.58407,-0.00211757,0.00136018,0.0044381,-0.533628,-0.225329,1.61048,-0.00267969,0.000972142,-0.00101114,2.66737,0.0435393,1.81046,0.00399834,0.00233374,-0.00216958,-0.0639446,-4.28834e-05,0.00183672,0.00136436,0.000984793,-0.000701349,-0.0639766,5.05011e-05,0.00183202,0.00120036,0.0021189,-0.00284855,0.723029,0.810089,-0.740002,0.00152253,-0.000137142,0.00145747,-0.536737,0.176019,1.42006,
3,-0.184529,-0.262525,-0.289403,0.317268,0.0513221,-3.12615,0.235966,0.0858013,0.381674,0.317268,0.0513221,-3.12615,0.118282,-0.116997,2.4111,1.88764,-0.00133562,1.62438,-0.199361,-0.0531995,-0.0859513,-1.20186,-0.164351,1.59873,0.340173,0.00685315,0.113496,2.14107,0.347041,1.89024,-0.01377,0.238011,0.322403,0.00488454,8.87305e-06,-0.00110143,-0.00687093,0.115892,0.157781,0.00486332,4.21382e-06,-0.00110098,0.151382,0.110324,0.168759,0.932727,0.170682,-0.538578,-0.16512,0.121451,0.146798,-1.19221,-0.0206233,1.41963,0,0,0,0.317268,0.0513221,-3.12615,0,0,0,0.317268,0.0513221,-3.12615,0,0,0,1.88764,-0.00133562,1.62438,0,0,0,-1.20186,-0.164351,1.59873,0,0,0,2.14107,0.347041,1.89024,0,0,0,0.00488454,8.87305e-06,-0.00110143,0,0,0,0.00486332,4.21382e-06,-0.00110098,0,0,0,0.932727,0.170682,-0.538578,0,0,0,-1.19221,-0.0206233,1.41963,-0.000394106,0.00429973,0.00399472,0.313978,0.0495124,-3.12265,0.0270485,0.00381418,0.0064027,0.313978,0.0495124,-3.12265,-0.000988557,-0.0026604,-0.00095068,1.88438,0.00273097,1.62374,0.00256583,0.00473004,0.00372241,-1.19868,-0.17362,1.59088,0.00587999,0.000588047,0.0030026,2.07072,0.335049,1.81792,9.73212e-05,-0.00314309,0.00267682,-0.00213857,-1.50451e-07,0.0033378,0.000543908,-0.00105256,0.000841316,-0.00213404,2.42968e-06,0.0033429,0.000637395,-0.000608286,-0.000110959,1.00148,0.178875,-0.510635,0.000456838,-0.00148134,0.00179945,-1.19232,-0.0128081,1.42705,-0.00200076,0.0081153,-0.000351382,0.296844,0.0532018,-3.12436,0.027813,-0.00442948,0.0128822,0.296844,0.0532018,-3.12436,-0.00650771,-0.00021235,-0.00161155,1.86721,0.000924225,1.62671,-0.000427182,0.00593454,0.00195939,-1.19801,-0.197428,1.58394,0.00449755,0.00312716,0.00728536,1.9715,0.333848,1.7276,-0.00182302,-0.0131622,0.00877423,-0.0125712,2.71878e-05,0.00326603,-0.00083123,-0.00550627,0.0037999,-0.0125472,2.23727e-05,0.00326487,-0.00090684,-0.0061799,0.00465951,1.07857,0.159894,-0.466826,-0.000765668,-0.00480998,0.00296844,-1.19226,-0.0150187,1.42201,
3,-0.196102,-0.245006,-0.295523,0.276034,0.0324168,3.1392,0.406752,0.0394062,0.411004,0.276034,0.0324168,3.1392,0.107161,-0.114258,2.4076,1.8467,-0.0111394,1.60134,-0.206452,-0.043769,-0.0837992,-1.20018,-0.206733,1.58907,0.369925,-0.00776912,0.127519,1.8731,0.375242,1.38425,-0.0113855,0.208558,0.343423,-0.0130609,-1.48406e-05,-0.00146761,-0.00563044,0.102798,0.166737,-0.0130566,-1.1062e-05,-0.00147567,0.152847,0.0982352,0.174899,1.14482,0.22225,-0.439439,-0.164104,0.107361,0.158572,-1.19167,-0.0140173,1.39535,0,0,0,0.276034,0.0324168,3.1392,0,0,0,0.276034,0.0324168,3.1392,0,0,0,1.8467,-0.0111394,1.60134,0,0,0,-1.20018,-0.206733,1.58907,0,0,0,1.8731,0.375242,1.38425,0,0,0,-0.0130609,-1.48406e-05,-0.00146761,0,0,0,-0.0130566,-1.1062e-05,-0.00147567,0,0,0,1.14482,0.22225,-0.439439,0,0,0,-1.19167,-0.0140173,1.39535,0.00298786,-0.00438079,-0.00244432,0.280841,0.0387059,3.13722,0.00803522,-0.00594326,0.00424621,0.280841,0.0387059,3.13722,0.00476787,-0.00109797,0.00320433,1.85146,-0.0149233,1.60678,1.61297e-05,-0.00332196,-0.00362333,-1.20293,-0.201645,1.59548,0.00185102,-0.00844125,0.00437174,1.87991,0.371402,1.35131,-0.00255167,0.00512511,-0.00349199,-0.00236429,7.12413e-06,-0.000321342,-0.0011857,0.00163511,-0.00105379,-0.00236874,1.33259e-06,-0.000323321,-0.00132103,0.000673732,0.000775904,1.15324,0.241064,-0.447447,-0.00105021,0.00258229,-0.00288812,-1.1917,-0.0220371,1.39534,-0.00234571,-0.000348201,0.00605682,0.293659,0.0334765,3.13821,-0.00817354,0.00500382,-0.00601686,0.293659,0.0334765,3.13821,0.00187626,0.000431762,-0.000541755,1.86431,-0.0129285,1.60186,-0.00133398,0.00101065,0.00480508,-1.20204,-0.182724,1.59445,0.000316678,0.00425989,-0.00742975,1.89877,0.400218,1.38871,0.00164454,0.00814524,-0.00581728,-0.00347126,-1.28084e-06,0.00229438,0.0010619,0.00419037,-0.00268843,-0.00348074,2.65865e-06,0.00229477,0.00116664,0.00505244,-0.0039813,1.11084,0.232897,-0.463967,0.000953056,0.00333938,-0.00139189,-1.1916,-0.014118,1.3905,
3,-0.186784,-0.238519,-0.299683,0.277831,0.0484004,-3.11659,0.0858523,-0.0308635,0.235161,0.277831,0.0484004,-3.11659,0.114087,-0.114319,2.39952,1.84831,0.010774,1.6242,-0.200029,-0.0385975,-0.0868853,-1.19863,-0.19898,1.59836,0.227852,-0.0357158,-0.020125,-2.68331,0.48842,2.09201,-0.0110567,0.209999,0.340559,-0.00233792,-4.53301e-06,-0.00348053,-0.00574819,0.103022,0.166589,-0.00234386,-4.18723e-06,-0.00348352,0.152716,0.0983639,0.174936,-0.401612,0.0315644,-1.29046,-0.164209,0.107676,0.158242,-1.19757,0.007625,1.41601,0,0,0,0.277831,0.0484004,-3.11659,0,0,0,0.277831,0.0484004,-3.11659,0,0,0,1.84831,0.010774,1.6242,0,0,0,-1.19863,-0.19898,1.59836,0,0,0,-2.68331,0.48842,2.09201,0,0,0,-0.00233792,-4.53301e-06,-0.00348053,0,0,0,-0.00234386,-4.18723e-06,-0.00348352,0,0,0,-0.401612,0.0315644,-1.29046,0,0,0,-1.19757,0.007625,1.41601,0.00274411,0.00214313,-0.000487052,0.261023,0.0525959,-3.11297,-0.00813449,0.00429789,0.00474493,0.261023,0.0525959,-3.11297,-0.0036867,-0.00114013,0.000942396,1.83148,0.0140875,1.62899,0.00132201,-0.00221609,0.00344206,-1.20361,-0.21265,1.60258,-0.00309316,-0.000570906,0.00707964,-2.64699,0.43954,2.09866,-0.00112011,-0.0123164,0.0070739,-0.00533519,-7.55266e-07,-0.00192755,-0.000378997,-0.00574696,0.00338486,-0.00532118,-3.83274e-06,-0.00192385,-0.000399308,-0.00605337,0.00359327,-0.444696,0.0534517,-1.29397,-0.000361825,-0.00543444,0.00318381,-1.19759,-0.0169783,1.42041,-0.00146604,0.000114131,-0.00234131,0.254882,0.0519059,-3.11554,0.00201107,-0.00131639,0.00886868,0.254882,0.0519059,-3.11554,-0.000979941,0.000939327,-0.000654782,1.82535,0.0121285,1.62759,-0.00220709,0.000121608,-0.00240635,-1.20402,-0.224674,1.60539,-0.00434303,-0.00106764,0.00392587,-2.68991,0.436221,2.06638,-0.000181248,-0.00475333,0.00294225,-0.00900808,-1.39755e-05,-0.00269707,-0.000142286,-0.00204943,0.00117104,-0.00900002,-1.2823e-05,-0.00270004,-0.000148109,-0.00216398,0.00124776,-0.407683,0.0682936,-1.30687,-0.000139483,-0.00192999,0.00109038,-1.19747,-0.0170909,1.41339,
3,-0.202181,-0.226093,-0.300111,0.257095,0.00925527,-3.13261,0.526417,0.0445171,0.337635,0.257095,0.00925527,-3.13261,0.108183,-0.125231,2.40529,1.82789,0.00633339,1.58203,-0.20553,-0.0338993,-0.0799241,-1.19674,-0.203479,1.58024,0.402601,0.0115505,0.0816643,1.65793,0.343542,1.08752,-0.00409996,0.194772,0.351075,-0.0148025,0.000108265,0.0130213,-0.00068559,0.0963516,0.17062,-0.0148144,0.000100457,0.0130307,0.158053,0.0957965,0.171569,1.23102,0.101283,-0.458437,-0.159416,0.0968952,0.169667,-1.20033,0.0299843,1.40483,0,0,0,0.257095,0.00925527,-3.13261,0,0,0,0.257095,0.00925527,-3.13261,0,0,0,1.82789,0.00633339,1.58203,0,0,0,-1.19674,-0.203479,1.58024,0,0,0,1.65793,0.343542,1.08752,0,0,0,-0.0148025,0.000108265,0.0130213,0,0,0,-0.0148144,0.000100457,0.0130307,0,0,0,1.23102,0.101283,-0.458437,0,0,0,-1.20033,0.0299843,1.40483,0,0,0,0.257095,0.00925527,-3.13261,0,0,0,0.257095,0.00925527,-3.13261,0,0,0,1.82789,0.00633339,1.58203,0,0,0,-1.19674,-0.203479,1.58024,0,0,0,1.65793,0.343542,1.08752,0,0,0,-0.0148025,0.000108265,0.0130213,0,0,0,-0.0148144,0.000100457,0.0130307,0,0,0,1.23102,0.101283,-0.458437,0,0,0,-1.20033,0.0299843,1.40483,0.00392868,0.00398524,-0.000466812,0.247849,0.0161292,-3.12871,0.0366408,-0.0158994,-0.00204883,0.247849,0.0161292,-3.12871,-0.00120911,-0.00199791,-0.000445796,1.81862,0.00853405,1.5896,0.00304377,0.0013782,0.00176749,-1.19769,-0.210345,1.58084,0.0132503,-0.00022373,0.0069153,1.60227,0.355811,0.981161,-0.00165728,-0.0074365,0.00320047,-0.0177731,0.000125323,0.0133446,-0.000770897,-0.00320185,0.00177045,-0.0177663,0.000120223,0.0133476,-0.00078087,-0.00382611,0.00280006,1.22599,0.0950028,-0.421539,-0.000766043,-0.00256412,0.000745513,-1.20012,0.0212902,1.41261,
3,-0.200215,-0.224715,-0.29381,0.247322,0.0212204,-3.09849,0.279561,0.0646218,0.343199,0.247322,0.0212204,-3.09849,0.107031,-0.129473,2.40434,1.81823,0.0365983,1.60193,-0.202854,-0.0379201,-0.0690251,-1.20306,-0.199504,1.58264,0.351091,0.0402547,0.059328,1.95215,0.393519,1.8445,-0.000214366,0.18675,0.354621,-0.0179715,7.71418e-05,0.00893827,0.00077941,0.0928997,0.172533,-0.0179702,7.95954e-05,0.00894324,0.159514,0.0935314,0.171476,1.03022,-0.0218163,-0.570397,-0.157954,0.0922682,0.173588,-1.20035,0.00245135,1.41313,0,0,0,0.247322,0.0212204,-3.09849,0,0,0,0.247322,0.0212204,-3.09849,0,0,0,1.81823,0.0365983,1.60193,0,0,0,-1.20306,-0.199504,1.58264,0,0,0,1.95215,0.393519,1.8445,0,0,0,-0.0179715,7.71418e-05,0.00893827,0,0,0,-0.0179702,7.95954e-05,0.00894324,0,0,0,1.03022,-0.0218163,-0.570397,0,0,0,-1.20035,0.00245135,1.41313,-0.00513502,0.00114507,0.00141966,0.243202,0.0176855,-3.10088,1.83357e-05,0.00154461,-0.00202509,0.243202,0.0176855,-3.10088,-0.000821957,0.00142131,0.00032178,1.81412,0.0352555,1.59777,-0.00169329,-0.000138208,0.00249146,-1.20357,-0.201686,1.57199,0.000285867,-0.00143972,-0.00143416,1.94616,0.374547,1.84692,0.000849891,-0.0033838,0.0020344,-0.0216059,9.32367e-05,0.00896231,0.000407668,-0.00137183,0.000740054,-0.0216031,9.58573e-05,0.00896066,0.000409372,-0.00104205,0.000202562,1.04713,-0.016384,-0.574729,0.000402956,-0.00169996,0.00128196,-1.20036,-0.00189898,1.40667,0.000217627,-0.00156723,-0.00364052,0.241554,0.0185642,-3.10279,0.0153391,-0.00280281,0.00937727,0.241554,0.0185642,-3.10279,-6.50418e-05,0.000153892,-0.000175049,1.81245,0.0332321,1.59811,0.00216099,-0.00058911,-0.00446863,-1.20124,-0.209384,1.56401,0.00299205,-0.00358048,0.00681733,1.92525,0.374507,1.79756,-0.000306066,-0.00144507,0.000283819,-0.0219395,7.89628e-05,0.00705837,-0.000335346,-0.000584225,0.000316593,-0.0219373,7.78909e-05,0.00705592,-0.000324184,-0.000855532,0.000771077,1.06103,0.00597597,-0.553772,-0.000343627,-0.000312994,-0.000138999,-1.20038,0.000594436,1.41617,
3,-0.210659,-0.217644,-0.315649,0.283655,0.059081,3.11868,0.43117,0.121044,0.473029,0.283655,0.059081,3.11868,0.158406,-0.164235,2.2136,1.85416,-0.0385258,1.62112,-0.205509,-0.0150023,-0.105077,-0.644305,-0.20212,1.51473,0.40304,0.0430098,0.193192,1.63636,0.278594,1.37724,-0.0257669,0.215021,0.337151,-0.00814444,3.7406e-05,0.00717168,-0.011801,0.105806,0.16454,-0.00814686,3.33373e-05,0.00716936,0.145703,0.0962442,0.181982,1.29744,0.0851985,-0.133276,-0.169305,0.11536,0.147093,-0.64465,0.0724941,1.37411,0,0,0,0.283655,0.059081,3.11868,0,0,0,0.283655,0.059081,3.11868,0,0,0,1.85416,-0.0385258,1.62112,0,0,0,-0.644305,-0.20212,1.51473,0,0,0,1.63636,0.278594,1.37724,0,0,0,-0.00814444,3.7406e-05,0.00717168,0,0,0,-0.00814686,3.33373e-05,0.00716936,0,0,0,1.29744,0.0851985,-0.133276,0,0,0,-0.64465,0.0724941,1.37411,0.000844909,0.00175729,0.00207169,0.283628,0.0610863,3.11519,0.037029,-0.00121908,0.00309166,0.283628,0.0610863,3.11519,-0.00132103,-7.30792e-05,-0.000318843,1.85415,-0.0424387,1.62207,-0.00187315,0.00220383,0.00167685,-0.648426,-0.203096,1.52232,0.00347178,-0.00102696,0.00948941,1.61216,0.253272,1.2534,-0.00147207,0.000337327,-0.000731798,-0.0063566,2.82168e-05,0.0082684,-0.00063878,9.09009e-05,-0.000108645,-0.00635663,2.67461e-05,0.00826584,-0.000778077,-0.000423522,0.000845418,1.33215,0.0950523,-0.10913,-0.000497787,0.000616044,-0.00105255,-0.645371,0.0713794,1.36409,-0.00265861,-0.00482934,-0.00146728,0.288764,0.0574844,3.11211,0.0217908,-0.00409359,-0.00425969,0.288764,0.0574844,3.11211,0.00413223,-0.000140061,0.00277147,1.85937,-0.0446236,1.61752,0.0017551,-0.00318187,-0.00318329,-0.643285,-0.202107,1.50835,0.00403398,-0.00462727,-0.000592578,1.6229,0.247717,1.19243,2.54101e-05,0.00514453,-0.00167497,-0.00167936,7.86152e-07,0.0125052,0.00042933,0.00173159,-0.00109167,-0.00168593,5.80604e-06,0.0125007,0.00049917,0.00207279,-0.00150831,1.34559,0.116324,-0.119074,0.000363612,0.00136554,-0.000697483,-0.644715,0.0732896,1.37319,
3,-0.214092,-0.203012,-0.320992,0.253559,0.0573224,3.12366,0.45738,0.112745,0.503429,0.253559,0.0573224,3.12366,0.157392,-0.160581,2.21213,1.82406,-0.0317333,1.6218,-0.207147,-0.0109135,-0.10081,-0.645904,-0.21433,1.50884,0.402872,0.0396869,0.228894,1.64485,0.219079,1.29291,-0.0263566,0.192728,0.350899,-0.0169715,0.000100358,0.0111125,-0.0115982,0.095563,0.170706,-0.0169714,9.59287e-05,0.0111121,0.146072,0.0861667,0.186679,1.38104,0.132591,-0.00413021,-0.16927,0.104955,0.154733,-0.644709,0.0640541,1.36958,0,0,0,0.253559,0.0573224,3.12366,0,0,0,0.253559,0.0573224,3.12366,0,0,0,1.82406,-0.0317333,1.6218,0,0,0,-0.645904,-0.21433,1.50884,0,0,0,1.64485,0.219079,1.29291,0,0,0,-0.0169715,0.000100358,0.0111125,0,0,0,-0.0169714,9.59287e-05,0.0111121,0,0,0,1.38104,0.132591,-0.00413021,0,0,0,-0.644709,0.0640541,1.36958,0.000212558,0.000259162,-0.000486305,0.255853,0.0585042,3.12142,0.0150825,0.000645988,0.000601308,0.255853,0.0585042,3.12142,-0.000122773,0.000129013,-0.000124023,1.82636,-0.0343175,1.6223,-0.00123434,0.000313854,-0.000493081,-0.648487,-0.209429,1.51229,0.00307915,0.00268594,0.00196368,1.62281,0.221624,1.24617,-0.00118084,0.00178493,-0.00179631,-0.0151911,0.000103468,0.0134254,-0.000381902,0.000843652,-0.000502448,-0.0151936,0.000102281,0.0134228,-0.000463479,0.000535174,0.000114485,1.37839,0.12223,0.00207042,-0.000298391,0.00115612,-0.00111715,-0.645077,0.0640245,1.36387,-8.24369e-05,0.000293084,0.000824729,0.254461,0.0605616,3.12081,-0.0005257,2.39851e-05,0.00347756,0.254461,0.0605616,3.12081,-0.00157428,0.000182733,-0.000739252,1.82495,-0.0353501,1.62419,-0.000693309,0.00110815,0.000126825,-0.650124,-0.215827,1.51362,0.00148995,-0.0011181,0.00236533,1.62375,0.216337,1.25205,-0.00078453,-0.000581634,-0.000303581,-0.0120493,8.4965e-05,0.0134024,-0.000434389,-0.000446279,0.000220055,-0.0120475,8.21473e-05,0.0134017,-0.000515079,-0.000795449,0.000770228,1.38327,0.120695,0.0045605,-0.000355465,-8.97989e-05,-0.000323561,-0.645353,0.0635553,1.35975,
3,-0.227618,-0.211353,-0.307076,0.282549,0.0230304,3.13738,0.20004,-0.0606281,0.312914,0.282549,0.0230304,3.13738,0.161673,-0.166104,2.21904,1.85329,-0.0104643,1.59174,-0.21085,-0.0106621,-0.0952544,-0.681418,-0.195611,1.49854,0.237865,-0.0594033,0.0187243,2.80334,0.56897,1.67632,-0.00720017,0.212077,0.339554,-0.0136265,-7.30773e-05,-0.00725126,-0.00419301,0.104948,0.16539,-0.013653,-5.62772e-05,-0.00725615,0.15438,0.101545,0.171561,0.290201,0.216323,-1.214,-0.16277,0.108334,0.159204,-0.701952,0.118643,1.37381,0,0,0,0.282549,0.0230304,3.13738,0,0,0,0.282549,0.0230304,3.13738,0,0,0,1.85329,-0.0104643,1.59174,0,0,0,-0.681418,-0.195611,1.49854,0,0,0,2.80334,0.56897,1.67632,0,0,0,-0.0136265,-7.30773e-05,-0.00725126,0,0,0,-0.013653,-5.62772e-05,-0.00725615,0,0,0,0.290201,0.216323,-1.214,0,0,0,-0.701952,0.118643,1.37381,0.00116313,0.0058279,0.00010498,0.277058,0.0236618,3.13828,-0.03322,0.00147535,-0.0027895,0.277058,0.0236618,3.13828,-0.000764855,0.00134433,-0.000775876,1.84779,-0.00965591,1.59265,-0.000896043,0.00315267,0.00275456,-0.683388,-0.193546,1.50539,-0.00658269,-0.00105371,0.00441911,2.97278,0.543701,1.78414,-0.000652084,-0.00365525,0.00199673,-0.012626,-2.78827e-05,-0.00452975,-5.56255e-05,-0.00181559,0.00116512,-0.0126214,-2.84073e-05,-0.00452889,-4.34058e-05,-0.00185451,0.00117166,0.148419,0.237077,-1.23441,-6.89165e-05,-0.00175487,0.0011739,-0.702602,0.120875,1.36836,0.0117584,0.00161597,-0.00553578,0.27961,0.0491255,-3.13627,-0.041365,0.00978378,-0.0111213,0.27961,0.0491255,-3.13627,-0.000845017,-0.00230164,-0.00250146,1.85007,-0.00843777,1.61949,0.00622365,-0.000401729,-0.0034068,-0.68619,-0.180795,1.51248,-0.000765243,0.00698655,0.00151967,-3.13389,0.529784,1.91492,-0.00734633,0.00184374,-0.00145035,-0.0104996,9.87909e-06,-0.00299464,-0.0034213,0.000741502,-0.000574506,-0.0105015,-9.42608e-06,-0.00298817,-0.00383068,-0.00202706,0.00444541,-0.00679935,0.184423,-1.23181,-0.00300765,0.00350541,-0.00559275,-0.701284,0.104969,1.38063,
3,-0.184023,-0.213348,-0.311415,0.284138,0.0760267,-3.10359,0.185649,-0.0520884,0.309713,0.284138,0.0760267,-3.10359,0.162085,-0.181771,2.21479,1.85413,0.0151973,1.65441,-0.19985,-0.0157511,-0.0966721,-0.696998,-0.178233,1.59453,0.251245,-0.0449176,0.0241238,2.7663,0.588702,1.73904,-0.0178729,0.211731,0.339284,-0.0114645,-2.88062e-05,-0.00488238,-0.00913883,0.104643,0.165443,-0.0114694,-2.82087e-05,-0.00488492,0.148867,0.0972414,0.178854,0.312497,0.126392,-1.14647,-0.167145,0.112051,0.152038,-0.699219,0.0746202,1.40041,0,0,0,0.284138,0.0760267,-3.10359,0,0,0,0.284138,0.0760267,-3.10359,0,0,0,1.85413,0.0151973,1.65441,0,0,0,-0.696998,-0.178233,1.59453,0,0,0,2.7663,0.588702,1.73904,0,0,0,-0.0114645,-2.88062e-05,-0.00488238,0,0,0,-0.0114694,-2.82087e-05,-0.00488492,0,0,0,0.312497,0.126392,-1.14647,0,0,0,-0.699219,0.0746202,1.40041,-0.000243245,-0.00131401,-0.00189959,0.281383,0.0772104,-3.10265,0.0194131,-0.00101979,0.00288499,0.281383,0.0772104,-3.10265,-9.64491e-05,0.00051947,0.000989502,1.85136,0.015995,1.65577,0.00244718,-0.00159998,-0.00144987,-0.694149,-0.183056,1.58507,0.00241551,0.000693453,-0.00265429,2.65539,0.590161,1.66537,-0.000959534,-0.00196381,0.000956731,-0.0113423,-3.98306e-06,-0.00132195,-0.000119853,-0.000941351,0.000588876,-0.0113379,-5.66695e-06,-0.00132015,-0.000128229,-0.00104346,0.000675843,0.401606,0.115313,-1.14135,-0.000116744,-0.00085287,0.000498655,-0.69856,0.0705692,1.41008,-0.00215432,-0.0012084,-0.00224408,0.28024,0.075614,-3.10588,0.00775901,0.00234638,0.00153019,0.28024,0.075614,-3.10588,0.000406343,0.000193605,0.000524657,1.85024,0.0134294,1.65332,-0.0024398,-0.00122017,-0.00222835,-0.696512,-0.184701,1.58608,-0.000573379,-0.00162188,-0.00103586,2.61082,0.574663,1.63042,0.000185049,-0.000729288,0.000314138,-0.0115368,-2.09902e-05,-0.00257869,-3.5479e-05,-0.000300712,0.00018719,-0.0115348,-1.80345e-05,-0.00258435,-3.29258e-05,-0.000327554,0.000205113,0.442219,0.118305,-1.14653,-2.80483e-05,-0.000269979,0.000166132,-0.699068,0.0689114,1.40253,
3,-0.181085,-0.225937,-0.320705,0.284551,0.0768511,-3.10233,0.188816,-0.0481053,0.335063,0.284551,0.0768511,-3.10233,0.162215,-0.184975,2.2221,1.85453,0.0161342,1.65556,-0.199008,-0.0254957,-0.108046,-0.70121,-0.18882,1.60275,0.245907,-0.0640498,0.0476704,2.73762,0.511539,1.70092,-0.0187909,0.211773,0.339615,-0.0138084,1.64831e-05,-0.000844825,-0.00915963,0.104738,0.165359,-0.0137917,5.01763e-07,-0.000844175,0.148826,0.0973191,0.178812,0.36248,0.257638,-1.13808,-0.167144,0.112162,0.151915,-0.698794,0.0637934,1.40988,0,0,0,0.284551,0.0768511,-3.10233,0,0,0,0.284551,0.0768511,-3.10233,0,0,0,1.85453,0.0161342,1.65556,0,0,0,-0.70121,-0.18882,1.60275,0,0,0,2.73762,0.511539,1.70092,0,0,0,-0.0138084,1.64831e-05,-0.000844825,0,0,0,-0.0137917,5.01763e-07,-0.000844175,0,0,0,0.36248,0.257638,-1.13808,0,0,0,-0.698794,0.0637934,1.40988,-0.00120644,-0.00105099,-0.00115777,0.290837,0.0773434,-3.10607,0.00406431,0.00281718,0.00102444,0.290837,0.0773434,-3.10607,0.00278364,-0.000554342,0.00125072,1.86076,0.0118797,1.65506,0.000811479,-0.00162528,-0.000819236,-0.700098,-0.174401,1.59321,0.00176441,-0.000572589,-0.0012546,2.71186,0.5138,1.68554,-3.0491e-05,0.00455887,-0.00337635,-0.0111863,-2.21869e-05,-0.00438668,-0.000392299,0.00214039,-0.0013812,-0.0111961,-2.33754e-05,-0.00439334,-0.000461301,0.00181812,-0.000602122,0.383579,0.24738,-1.136,-0.00031403,0.00244067,-0.00218541,-0.69872,0.0618964,1.41175,-9.11643e-05,0.00772728,0.00283409,0.280289,0.0782104,-3.1024,-0.0140085,-0.00284608,-0.00651359,0.280289,0.0782104,-3.1024,-0.00299097,0.000220677,-0.0007412,1.85025,0.0160553,1.65678,-0.000570672,0.00379444,0.00625951,-0.702385,-0.178002,1.59536,0.000798213,0.00523195,-0.00294653,2.77714,0.517941,1.74816,0.000358715,-0.00853354,0.00426736,-0.0155351,-3.69189e-05,-0.00482312,0.000146076,-0.00356943,0.00226911,-0.015526,-3.72833e-05,-0.00481925,0.000203508,-0.00344775,0.00171158,0.323446,0.227216,-1.13137,7.47122e-05,-0.00366832,0.00284664,-0.698922,0.0575396,1.40859,
3,-0.197361,-0.211113,-0.320895,0.26014,0.0621377,-3.12194,0.210054,-0.0462906,0.322621,0.26014,0.0621377,-3.12194,0.158276,-0.180614,2.2153,1.83043,0.00302425,1.6359,-0.20164,-0.0128533,-0.105104,-0.690239,-0.225992,1.55909,0.255564,-0.0448474,0.0294919,2.60198,0.525197,1.66084,-0.0177929,0.194219,0.349417,-0.0221701,-1.78691e-05,-0.000916801,-0.00863635,0.0970389,0.170025,-0.0221587,-1.24138e-05,-0.000916635,0.149504,0.0900416,0.18205,0.466212,0.148824,-1.11455,-0.166777,0.104039,0.157995,-0.699577,0.087043,1.39858,0,0,0,0.26014,0.0621377,-3.12194,0,0,0,0.26014,0.0621377,-3.12194,0,0,0,1.83043,0.00302425,1.6359,0,0,0,-0.690239,-0.225992,1.55909,0,0,0,2.60198,0.525197,1.66084,0,0,0,-0.0221701,-1.78691e-05,-0.000916801,0,0,0,-0.0221587,-1.24138e-05,-0.000916635,0,0,0,0.466212,0.148824,-1.11455,0,0,0,-0.699577,0.087043,1.39858,0.00741673,0.00635131,-0.001327,0.253741,0.0742957,-3.11751,-0.0263624,-0.00385453,-0.00207557,0.253741,0.0742957,-3.11751,-0.00062341,-0.00140769,-0.000489011,1.82383,0.00467968,1.64875,0.00408438,0.00149591,0.00238781,-0.692226,-0.218619,1.56456,-0.00242139,0.000232911,0.00313718,2.7092,0.525416,1.7401,-0.00300299,-0.00397719,0.00230104,-0.017845,1.43796e-05,-0.00289369,-0.00167339,-0.00235941,0.00123485,-0.0178346,-4.26151e-06,-0.00288613,-0.0019248,-0.00371397,0.00333586,0.374853,0.141575,-1.11855,-0.00142533,-0.0010079,-0.000857845,-0.698927,0.0756527,1.4074,0.00377402,-0.000495736,-0.00291622,0.259111,0.0901941,-3.11275,-0.038833,0.00477978,-0.00930536,0.259111,0.0901941,-3.11275,0.000759122,-0.00086102,-0.00173828,1.82884,0.00480591,1.66536,0.0022742,0.000220664,-0.00386534,-0.692901,-0.213711,1.56237,-0.00132085,0.00315298,0.00324003,2.89512,0.52519,1.87198,-0.00424337,0.00342929,-0.00273316,-0.0152829,1.22275e-06,-0.00421125,-0.00221474,0.00158447,-0.0010273,-0.0152901,-2.24456e-05,-0.00420488,-0.00265218,-0.00020664,0.00216752,0.213792,0.115123,-1.11915,-0.00177793,0.00337269,-0.00422922,-0.698889,0.0718135,1.40917,
3,-0.188175,-0.204353,-0.265353,0.383108,0.255189,-2.99834,-0.0760046,0.0678493,0.646583,0.383108,0.255189,-2.99834,0.190573,-0.142686,2.43181,1.94119,0.0390281,1.86013,-0.203311,-0.00641592,-0.0869518,-0.367025,-0.147148,1.52502,0.150874,0.0866451,0.494268,2.02655,0.686314,2.4495,-0.0638375,0.262063,0.306198,-0.0132927,6.30156e-05,0.016805,-0.0296638,0.130893,0.151776,-0.0132984,8.59161e-05,0.0167948,0.127801,0.106361,0.203716,1.06585,0.653922,1.05368,-0.187126,0.15546,0.0998503,-0.342639,-0.0682992,1.3696,0,0,0,0.383108,0.255189,-2.99834,0,0,0,0.383108,0.255189,-2.99834,0,0,0,1.94119,0.0390281,1.86013,0,0,0,-0.367025,-0.147148,1.52502,0,0,0,2.02655,0.686314,2.4495,0,0,0,-0.0132927,6.30156e-05,0.016805,0,0,0,-0.0132984,8.59161e-05,0.0167948,0,0,0,1.06585,0.653922,1.05368,0,0,0,-0.342639,-0.0682992,1.3696,-0.00683245,-0.00214718,0.00674793,0.380892,0.229194,-3.00337,0.0671111,0.0178733,0.0220718,0.380892,0.229194,-3.00337,-0.00153652,-0.000169653,-0.0015476,1.94162,0.0442652,1.83421,-0.00327197,0.000432125,0.00408168,-0.368217,-0.154853,1.52767,0.0353384,0.0170479,-0.0160322,1.88193,0.727117,2.27157,0.00748962,0.00141103,-0.000201445,-0.0118303,3.11505e-05,0.0182218,0.00376602,0.000714965,7.76084e-05,-0.0118317,6.76835e-05,0.0182155,0.00606818,0.00383561,-0.00605981,1.03158,0.593777,1.00208,0.00148062,-0.00241442,0.00620531,-0.342185,-0.0443853,1.36219,-0.00626186,-0.00360841,0.0047771,0.379162,0.207421,-3.00867,0.0579212,0.0221101,0.0161135,0.379162,0.207421,-3.00867,-0.000218917,-0.000435487,-0.000271484,1.94188,0.0475855,1.81208,-0.00214534,-0.00137761,0.00243523,-0.367915,-0.162818,1.52482,0.0273201,0.0108208,-0.012061,1.78274,0.716148,2.1023,0.00567331,0.00131749,-0.000190961,-0.01138,9.74055e-05,0.0211805,0.00307544,0.000629208,-4.80399e-05,-0.0113806,0.000114458,0.0211766,0.00475374,0.00316648,-0.00513917,1.05073,0.555143,0.958746,0.00138418,-0.00192981,0.0050384,-0.342171,-0.0267256,1.35997,
3,-0.176281,-0.210693,-0.277215,0.384165,0.284692,-3.00112,-0.211264,-0.0133567,0.521264,0.384165,0.284692,-3.00112,0.188782,-0.138338,2.4308,1.93887,0.0255828,1.88642,-0.202277,-0.00737803,-0.106385,-0.380429,-0.176357,1.56218,0.0595395,0.0193501,0.482276,2.46505,0.544221,2.90939,-0.0725696,0.26197,0.304753,-0.00532849,3.8628e-05,0.0140036,-0.0345004,0.130139,0.151412,-0.00531899,3.76274e-05,0.0140096,0.119543,0.101587,0.211042,1.15829,0.946288,1.23788,-0.188554,0.158673,0.0917572,-0.341764,-0.0686885,1.3569,0,0,0,0.384165,0.284692,-3.00112,0,0,0,0.384165,0.284692,-3.00112,0,0,0,1.93887,0.0255828,1.88642,0,0,0,-0.380429,-0.176357,1.56218,0,0,0,2.46505,0.544221,2.90939,0,0,0,-0.00532849,3.8628e-05,0.0140036,0,0,0,-0.00531899,3.76274e-05,0.0140096,0,0,0,1.15829,0.946288,1.23788,0,0,0,-0.341764,-0.0686885,1.3569,-0.00698762,0.00307639,0.00368135,0.380104,0.27646,-2.99985,0.00806242,0.00805466,0.0190624,0.380104,0.27646,-2.99985,0.00157174,-0.000622095,0.00196288,1.93596,0.0309323,1.87915,0.000384113,0.000704843,0.0073383,-0.373227,-0.175799,1.53566,0.00648586,0.000302593,0.00701731,2.44065,0.530538,2.85672,0.00291871,-0.00264315,0.00169387,-0.00535027,2.13033e-05,0.0128793,0.0012653,-0.000983924,0.00112317,-0.00534708,3.11116e-05,0.012882,0.00241537,6.96953e-05,-0.00141193,1.20388,0.932338,1.24311,0.000130494,-0.00202437,0.00367827,-0.342286,-0.0708545,1.36467,-0.00494036,0.00390248,0.000496425,0.378407,0.271984,-3.00074,0.0196901,0.0155013,0.0239257,0.378407,0.271984,-3.00074,0.000146116,0.00022548,-0.000239258,1.93483,0.0321998,1.87464,-0.00031336,0.000910151,0.00431987,-0.367657,-0.165619,1.51507,0.0152024,0.0144995,0.00837839,2.362,0.553536,2.80203,0.000749652,-0.000500721,0.00181884,-0.00882163,5.06009e-05,0.0133971,0.000619744,-0.00027256,0.000366972,-0.00882024,5.67615e-05,0.0133966,0.00112569,0.000241457,-0.000771148,1.17631,0.866078,1.21036,0.00010963,-0.000778788,0.00150807,-0.34241,-0.0731008,1.36627,
3,-0.220157,-0.302483,0.0375524,0.24127,-0.268871,-3.0203,0.459519,-0.00309703,0.047265,0.24127,-0.268871,-3.0203,0.189185,-0.0899986,2.43771,1.80719,0.181487,1.33776,-0.282325,-0.0638535,0.0404084,-0.232642,-1.10172,1.44757,0.278994,0.0431686,-0.125386,2.20933,0.816968,1.24622,0.120948,0.209101,0.333456,-0.0479692,-5.65308e-05,-0.00432122,0.0568051,0.106747,0.162553,-0.0479545,-7.97265e-05,-0.00432372,0.196553,0.153744,0.082868,0.597223,0.213037,-0.97615,-0.0829283,0.0597645,0.242259,-0.107256,0.222949,1.2157,0,0,0,0.24127,-0.268871,-3.0203,0,0,0,0.24127,-0.268871,-3.0203,0,0,0,1.80719,0.181487,1.33776,0,0,0,-0.232642,-1.10172,1.44757,0,0,0,2.20933,0.816968,1.24622,0,0,0,-0.0479692,-5.65308e-05,-0.00432122,0,0,0,-0.0479545,-7.97265e-05,-0.00432372,0,0,0,0.597223,0.213037,-0.97615,0,0,0,-0.107256,0.222949,1.2157,-0.028356,-0.0218106,-0.113413,0.248802,-0.240582,-3.02498,-0.00906745,0.0631258,0.0757156,0.248802,-0.240582,-3.02498,0.00243617,-0.00211411,0.00120043,1.81598,0.171889,1.36565,-0.00182301,-0.0184304,-0.0311886,-0.423578,-0.755867,1.60522,0.0279502,-0.00333744,0.0343702,2.23116,0.530792,1.41359,-0.0107844,0.00376456,0.00345416,-0.042351,-6.60726e-05,-0.00584236,-0.00525569,0.00097177,0.00112657,-0.0423546,-9.4408e-05,-0.00584507,-0.000614685,-0.00339921,0.00728176,0.788394,0.282338,-0.877153,-0.0099065,0.00531504,-0.00505577,-0.308167,0.165158,1.25315,-0.0176538,0.0424594,-0.0556008,0.242729,-0.202475,-3.02799,-0.020208,0.0508271,0.0669662,0.242729,-0.202475,-3.02799,-0.00320556,-0.0032603,-0.00103173,1.81156,0.15872,1.40117,0.0150221,0.028322,0.00129272,-0.479638,-0.513656,1.5952,0.019822,0.00345908,0.0405327,2.15812,0.307312,1.5117,-0.0134316,-0.00931773,0.00647753,-0.0412774,9.79798e-05,-0.00162749,-0.00561897,-0.00383139,0.00407836,-0.04126,3.52013e-05,-0.00163484,-0.000196971,-0.00848456,0.0130942,0.987015,0.314388,-0.765639,-0.0110232,0.000841496,-0.00489526,-0.421087,0.182662,1.2639,
3,-0.174024,-0.107967,-0.372774,0.300074,0.160058,3.01908,0.13065,0.111314,0.419106,0.300074,0.160058,3.01908,0.192568,-0.147639,2.44413,1.87109,-0.164241,1.68762,-0.182868,0.0370034,-0.128364,-0.466334,0.0651229,1.39202,0.319663,-0.00640604,0.213108,1.93061,0.272039,2.00973,-0.0777476,0.240129,0.323203,-0.0457213,0.000318374,0.0131289,-0.0355689,0.122084,0.157726,-0.0457225,0.000305599,0.013137,0.11904,0.0926541,0.215365,1.12435,0.0310001,-0.446978,-0.190178,0.151493,0.100077,-0.469175,0.130692,1.36529,0,0,0,0.300074,0.160058,3.01908,0,0,0,0.300074,0.160058,3.01908,0,0,0,1.87109,-0.164241,1.68762,0,0,0,-0.466334,0.0651229,1.39202,0,0,0,1.93061,0.272039,2.00973,0,0,0,-0.0457213,0.000318374,0.0131289,0,0,0,-0.0457225,0.000305599,0.013137,0,0,0,1.12435,0.0310001,-0.446978,0,0,0,-0.469175,0.130692,1.36529,-0.00445685,-0.00315432,0.00136518,0.303638,0.14903,3.02624,0.0193339,0.00896177,-0.000423246,0.303638,0.14903,3.02624,0.00281108,-0.00111017,0.002458,1.8747,-0.154546,1.67862,-0.00127399,-0.00548212,0.00284626,-0.466003,0.0787027,1.39093,0.00451699,0.00184407,-0.00813813,1.89487,0.244738,1.96914,0.00567681,0.000288697,0.00148839,-0.0467718,0.000179694,0.00882627,0.00237329,0.000241862,0.000340101,-0.0467742,0.000193119,0.00883406,0.00402342,0.00220523,-0.00323683,1.16916,0.0394538,-0.454967,0.000729661,-0.00172066,0.00391037,-0.467804,0.126076,1.37552,-0.0243164,0.00297882,0.000297867,0.290236,0.091064,3.02602,0.0329237,0.0100192,-4.83829e-05,0.290236,0.091064,3.02602,-0.00681126,0.00280501,-0.000640112,1.8626,-0.136766,1.62488,-0.0107173,-0.000586251,0.00678229,-0.46449,0.0712253,1.39688,0.0101831,0.00421201,-0.0139243,1.88612,0.171075,1.94333,0.016074,-0.0144322,0.0128039,-0.0514642,0.000264638,0.0126408,0.00801839,-0.00652005,0.00621962,-0.0514477,0.000309347,0.0126419,0.0130844,0.000144997,-0.00844712,1.22972,0.108787,-0.420429,0.00294553,-0.0131415,0.0209153,-0.468488,0.16181,1.3702,
3,-0.162874,-0.240283,-0.280519,0.355917,0.0852581,-3.08075,0.115098,-0.100735,0.54773,0.355917,0.0852581,-3.08075,0.191155,-0.197685,2.0528,1.92551,0.027382,1.67187,-0.191801,-0.0175066,-0.0916182,-0.393379,-0.156678,1.64232,0.227151,-0.101798,0.2805,2.90814,0.675086,1.96231,-0.0177266,0.262433,0.30906,-1.47663e-05,6.74698e-06,-8.85067e-06,-0.00884692,0.130962,0.154233,-4.44189e-06,2.02959e-06,-2.66239e-06,0.157847,0.123643,0.170013,0.441409,1.13409,-0.627318,-0.175534,0.138286,0.13846,-0.375706,0.098452,1.45853,0,0,0,0.355917,0.0852581,-3.08075,0,0,0,0.355917,0.0852581,-3.08075,0,0,0,1.92551,0.027382,1.67187,0,0,0,-0.393379,-0.156678,1.64232,0,0,0,2.90814,0.675086,1.96231,0,0,0,-1.47663e-05,6.74698e-06,-8.85067e-06,0,0,0,-4.44189e-06,2.02959e-06,-2.66239e-06,0,0,0,0.441409,1.13409,-0.627318,0,0,0,-0.375706,0.098452,1.45853,0.00597853,0.00347188,-0.00936907,0.352213,0.102691,-3.07828,0.023736,2.9347e-05,0.0115657,0.352213,0.102691,-3.07828,-0.00230133,-0.000828256,-0.000395499,1.92118,0.0240989,1.68896,0.00103362,-0.000495996,-0.00555818,-0.395643,-0.144682,1.64947,0.00148268,-0.00134725,0.00310106,2.81238,0.681416,1.82267,-0.000176875,0.0114426,0.0411655,-0.0528126,-0.000918873,-0.0360449,-0.00256173,-0.00150443,0.00115374,-0.0528052,-0.000942245,-0.036041,-0.00313638,-0.00362314,0.00543842,0.585488,1.09895,-0.573589,-0.00199715,0.00060992,-0.00312502,-0.376013,0.0877544,1.45573,0.0167901,-0.0206581,-0.0412851,0.326418,0.125711,-3.0501,0.0347148,-0.0328891,-0.017419,0.326418,0.125711,-3.0501,0.0343544,0.000751744,0.016902,1.89491,0.0465183,1.71906,0.00729936,-0.0287488,-0.0342548,-0.399166,-0.16225,1.67844,0.00515471,-0.0293205,-0.0244988,2.76277,0.64224,1.67282,-0.00718713,-0.0287396,0.000641468,-0.0470224,-0.000368488,-0.0174213,-0.00165037,-0.00952745,0.00718517,-0.0469851,-0.000396089,-0.0173795,-0.00198213,-0.0109221,0.00838591,0.610667,1.02804,-0.695079,-0.00131987,-0.00827647,0.00581339,-0.374032,0.0481792,1.4852,
3,-0.256532,-0.206289,-0.232251,0.29516,-0.10514,3.13309,0.200829,-0.0828768,0.407909,0.29516,-0.10514,3.13309,0.236633,-0.161778,2.07132,1.86436,0.0223939,1.46771,-0.226779,0.00326578,-0.0287865,-0.376327,-0.202415,1.51802,0.218377,-0.133759,0.123092,-3.07687,0.38486,1.78586,0.0368021,0.219022,0.339614,-0.0371663,-4.72172e-05,-0.00849101,0.0168755,0.112149,0.167212,-0.0372487,-0.000102252,-0.00854098,0.181632,0.126174,0.141212,-0.100552,0.930638,-1.46071,-0.147782,0.0982154,0.193331,-0.377444,0.212218,1.36338,0,0,0,0.29516,-0.10514,3.13309,0,0,0,0.29516,-0.10514,3.13309,0,0,0,1.86436,0.0223939,1.46771,0,0,0,-0.376327,-0.202415,1.51802,0,0,0,-3.07687,0.38486,1.78586,0,0,0,-0.0371663,-4.72172e-05,-0.00849101,0,0,0,-0.0372487,-0.000102252,-0.00854098,0,0,0,-0.100552,0.930638,-1.46071,0,0,0,-0.377444,0.212218,1.36338,0.00106346,-0.0124305,-0.00125488,0.339326,-0.0936178,3.10335,-0.0406076,0.0224353,0.0271683,0.339326,-0.0936178,3.10335,-0.0153843,-0.00460232,-0.00776825,1.90859,-0.00495994,1.46982,0.00231477,-0.00469834,-0.00973879,-0.373856,-0.157799,1.50255,-0.00149485,0.0123771,0.0349589,-3.03976,0.410805,1.90224,-0.0115461,0.0303366,-0.0213275,-0.018501,-3.06502e-05,-0.00472099,-0.00498038,0.013683,-0.00954124,-0.0185403,-4.01577e-05,-0.00474351,-0.00382073,0.00952684,-0.00391603,-0.170711,0.989944,-1.42322,-0.00619356,0.0177803,-0.0152242,-0.376166,0.19581,1.36904,0.0148274,-0.00413775,-0.0111912,0.338255,-0.0719237,3.09691,-0.0439563,0.00322069,0.014069,0.338255,-0.0719237,3.09691,-0.0147596,-0.00755222,-0.00664326,1.9082,-0.0183152,1.48815,0.00772901,-0.005406,-0.00885392,-0.37215,-0.154356,1.51486,0.00166546,0.00998854,0.0272817,-3.03343,0.399936,2.04751,-0.00858042,0.00132955,-4.66139e-05,-0.00908882,6.11837e-05,-0.00254245,-0.00391323,-3.077e-05,0.000580665,-0.00908846,2.62643e-05,-0.00255295,-0.00300363,-0.00325321,0.00729865,-0.206269,1.06371,-1.31712,-0.00466109,0.00335041,-0.0059207,-0.371893,0.16105,1.39479,
3,-0.249092,-0.220744,-0.260944,0.234292,-0.103726,-3.12243,0.336571,-0.032407,0.38549,0.234292,-0.103726,-3.12243,0.256986,-0.155551,2.08043,1.80403,0.0426845,1.47432,-0.233117,-0.0161348,-0.0509912,-0.389034,-0.299914,1.56477,0.259359,-0.13248,0.118425,2.83608,0.138551,1.4284,0.0463887,0.173782,0.370539,-0.0745848,-0.000286191,-0.00776072,0.0207718,0.0922652,0.179192,-0.0745822,-0.000287652,-0.00775702,0.185173,0.109448,0.151282,0.564703,0.980449,-1.18525,-0.14363,0.0750717,0.20709,-0.374079,0.163149,1.37907,0,0,0,0.234292,-0.103726,-3.12243,0,0,0,0.234292,-0.103726,-3.12243,0,0,0,1.80403,0.0426845,1.47432,0,0,0,-0.389034,-0.299914,1.56477,0,0,0,2.83608,0.138551,1.4284,0,0,0,-0.0745848,-0.000286191,-0.00776072,0,0,0,-0.0745822,-0.000287652,-0.00775702,0,0,0,0.564703,0.980449,-1.18525,0,0,0,-0.374079,0.163149,1.37907,-0.0047183,0.00488647,0.00301793,0.236884,-0.107824,-3.12248,0.00889683,-0.000657342,0.0049693,0.236884,-0.107824,-3.12248,-0.00119358,0.00137875,-0.000496822,1.80651,0.0438441,1.47043,-0.000843528,0.00337609,0.00412789,-0.386145,-0.286173,1.55491,-0.00506012,-0.00377702,0.00909061,2.85979,0.136236,1.38336,0.00127479,0.00212516,-0.00262159,-0.0711788,-0.000310896,-0.00839162,0.000658002,0.000955673,-0.000576369,-0.0711828,-0.000304963,-0.00839129,0.000419441,0.00150451,-0.00161219,0.559016,1.02458,-1.22806,0.00088861,0.000424996,0.000479908,-0.374914,0.175856,1.37404,0.0035743,-0.00434246,-0.00759981,0.244014,-0.0943596,-3.11905,-0.00380815,-0.00081679,0.00865094,0.244014,-0.0943596,-3.11905,0.00424163,-0.0022787,0.00263158,1.81395,0.0446448,1.48465,0.00341221,-0.00534641,-0.00665741,-0.383742,-0.266429,1.55276,-0.00466696,-0.00657362,0.0121303,2.87133,0.126459,1.36541,-0.00340081,0.00659792,-0.00149308,-0.0675082,-0.000454971,-0.0146565,-0.00221894,0.00259729,-0.00112065,-0.0675175,-0.000474312,-0.0146506,-0.00161796,0.000753266,0.00140461,0.560275,1.04909,-1.24314,-0.00280524,0.0043932,-0.00368058,-0.373002,0.156364,1.38613,
3,-0.235449,-0.226709,-0.247746,0.239551,-0.113064,-3.05594,0.193624,-0.0738844,0.337987,0.239551,-0.113064,-3.05594,0.281079,-0.172045,2.07834,1.81027,0.109997,1.48124,-0.220493,-0.0284614,-0.0317532,-0.422139,-0.248722,1.6018,0.286631,-0.0908254,0.0600173,-3.0657,0.297736,2.1483,0.0632657,0.18627,0.359914,-0.0639939,-0.000231665,-0.00735031,0.0289757,0.0976293,0.175156,-0.0639916,-0.000234384,-0.00734897,0.189988,0.121604,0.13516,-0.10273,0.785954,-1.08841,-0.132037,0.0736581,0.215157,-0.41264,0.149974,1.42419,0,0,0,0.239551,-0.113064,-3.05594,0,0,0,0.239551,-0.113064,-3.05594,0,0,0,1.81027,0.109997,1.48124,0,0,0,-0.422139,-0.248722,1.6018,0,0,0,-3.0657,0.297736,2.1483,0,0,0,-0.0639939,-0.000231665,-0.00735031,0,0,0,-0.0639916,-0.000234384,-0.00734897,0,0,0,-0.10273,0.785954,-1.08841,0,0,0,-0.41264,0.149974,1.42419,0,0,0,0.239551,-0.113064,-3.05594,0,0,0,0.239551,-0.113064,-3.05594,0,0,0,1.81027,0.109997,1.48124,0,0,0,-0.422139,-0.248722,1.6018,0,0,0,-3.0657,0.297736,2.1483,0,0,0,-0.0639939,-0.000231665,-0.00735031,0,0,0,-0.0639916,-0.000234384,-0.00734897,0,0,0,-0.10273,0.785954,-1.08841,0,0,0,-0.41264,0.149974,1.42419,0.00750396,-0.00506713,-0.00136532,0.241263,-0.0903518,-3.05302,0.0445117,0.0323159,0.0183567,0.241263,-0.0903518,-3.05302,0.000867186,0.000206958,-0.000192874,1.81248,0.107581,1.50423,-0.000434071,-0.00184529,-0.00392992,-0.43252,-0.264469,1.6155,0.00508429,0.00129572,0.0132012,3.00821,0.260395,1.95255,-0.0084721,0.00102217,0.000556116,-0.0579957,-0.000151434,-0.00555888,-0.00367768,7.1587e-05,0.000531549,-0.0579879,-0.000158463,-0.00555701,-0.00211693,-0.00297049,0.00548406,0.183342,0.788142,-1.02384,-0.00524605,0.00311831,-0.00441528,-0.413694,0.128453,1.41617,
3,-0.182369,-0.22954,-0.284349,0.258471,0.0490826,-3.03463,0.31817,-0.240023,0.195055,0.258471,0.0490826,-3.03463,0.28045,-0.160617,2.08358,1.83005,0.0908664,1.64563,-0.209299,-0.0241327,-0.0763057,-0.453321,-0.266788,1.67222,0.306829,-0.0781317,-0.0140291,2.59638,1.17148,1.51927,0.00298521,0.191743,0.362726,-0.0529077,0.000279246,0.00966236,0.00235622,0.0994605,0.176502,-0.0529053,0.00026745,0.0096618,0.169919,0.101409,0.173167,0.208596,0.231454,-1.06421,-0.165206,0.0975073,0.179838,-0.412515,0.0717879,1.42918,0,0,0,0.258471,0.0490826,-3.03463,0,0,0,0.258471,0.0490826,-3.03463,0,0,0,1.83005,0.0908664,1.64563,0,0,0,-0.453321,-0.266788,1.67222,0,0,0,2.59638,1.17148,1.51927,0,0,0,-0.0529077,0.000279246,0.00966236,0,0,0,-0.0529053,0.00026745,0.0096618,0,0,0,0.208596,0.231454,-1.06421,0,0,0,-0.412515,0.0717879,1.42918,0.001793,0.000553072,-0.00157909,0.2604,0.0567141,-3.0364,0.000446471,-0.057698,-0.103997,0.2604,0.0567141,-3.0364,-0.00120392,-0.000670994,3.66255e-05,1.83178,0.0870552,1.65271,0.00126615,0.000391323,-0.00147739,-0.452692,-0.262566,1.66987,-0.00148019,0.000793944,-0.0167248,0.880072,1.52361,-0.220823,-0.00297345,0.00030399,-0.00150545,-0.0527162,0.000219983,0.00797712,-0.00157082,0.000386029,-0.000199089,-0.0527172,0.000213069,0.00797546,-0.001519,-0.000911268,0.00202122,0.036889,0.178771,-1.09382,-0.00162109,0.00168814,-0.00241617,-0.412429,0.0666248,1.43034,0.00308028,0.000565356,-0.00292323,0.25972,0.0683992,-3.03867,-0.013326,-0.0255322,-0.118759,0.25972,0.0683992,-3.03867,-0.00216135,-7.68207e-05,0.000241707,1.83079,0.0819246,1.66333,0.0023074,0.000542114,-0.00300047,-0.451856,-0.264525,1.66666,0.000720696,-0.00115913,-0.0104057,-0.528369,1.11344,-1.56012,-0.00505612,-0.00159925,-0.000434398,-0.0514789,0.00028091,0.00942896,-0.00226678,-0.000663617,0.000368724,-0.051476,0.000262434,0.0094254,-0.00228376,-0.00254076,0.00358483,-0.227026,0.141735,-1.11035,-0.00225724,0.00121255,-0.00283266,-0.412223,0.0585544,1.43407,
3,-0.212338,-0.227138,-0.268916,0.241907,-0.046734,-3.06817,0.299954,-0.028847,0.374231,0.241907,-0.046734,-3.06817,0.278204,-0.172303,2.07562,1.81328,0.0824733,1.54304,-0.216432,-0.0243132,-0.0567275,-0.433716,-0.277317,1.62782,0.287878,-0.100675,0.0884329,2.73514,0.241899,1.64196,0.0335992,0.184113,0.366033,-0.0580466,0.000127172,0.00393864,0.0161668,0.0960329,0.177629,-0.0580634,0.000117274,0.00393499,0.181751,0.109404,0.155319,0.55434,0.753618,-0.996185,-0.149421,0.082639,0.199923,-0.412267,0.118093,1.4274,0,0,0,0.241907,-0.046734,-3.06817,0,0,0,0.241907,-0.046734,-3.06817,0,0,0,1.81328,0.0824733,1.54304,0,0,0,-0.433716,-0.277317,1.62782,0,0,0,2.73514,0.241899,1.64196,0,0,0,-0.0580466,0.000127172,0.00393864,0,0,0,-0.0580634,0.000117274,0.00393499,0,0,0,0.55434,0.753618,-0.996185,0,0,0,-0.412267,0.118093,1.4274,-0.00567531,0.010458,0.00407531,0.229808,-0.0588187,-3.06927,0.00319095,-0.00718483,-1.50055e-05,0.229808,-0.0588187,-3.06927,-0.00230719,0.0010167,-0.000119132,1.80103,0.0838101,1.53002,-0.00223247,0.00541834,0.00882736,-0.43376,-0.276787,1.62332,0.00151771,-0.000178417,-0.00156299,2.75211,0.241903,1.65249,0.0047811,-0.010108,0.00310384,-0.0648516,0.000161902,0.00612629,0.00244286,-0.00404284,0.00189839,-0.0648346,0.000181353,0.00612366,0.00188348,-0.00201617,-0.000784185,0.54388,0.777856,-0.989762,0.00300761,-0.00604124,0.00460782,-0.413437,0.132351,1.4176,-0.00171769,-0.00576511,-0.00539248,0.246799,-0.0583412,-3.07184,-0.015443,-0.00490855,-0.00247629,0.246799,-0.0583412,-3.07184,0.00553897,0.000436254,0.00117869,1.81802,0.0818837,1.53128,-0.00033328,-0.00313963,-0.0078034,-0.429144,-0.254372,1.61771,-0.00125216,-8.83805e-06,-0.0036301,2.80106,0.28551,1.70414,-0.00052711,0.0137662,-0.00625095,-0.0581824,-4.55577e-05,-0.00173512,-0.000967725,0.00594698,-0.0030737,-0.0582101,-4.83648e-05,-0.0017377,-0.000827081,0.00514549,-0.00270762,0.454262,0.752042,-1.01599,-0.00111126,0.00673278,-0.00347478,-0.41279,0.136811,1.4227,
3,-0.213246,-0.217554,-0.35599,0.259506,0.109095,3.12473,0.262082,0.186966,0.600118,0.259506,0.109095,3.12473,0.15189,-0.159852,2.20889,1.82899,-0.0442492,1.67196,-0.210719,-0.0147756,-0.140793,-0.696067,-0.245864,1.50232,0.344806,0.0812619,0.352974,1.67935,0.149416,1.74505,-0.0472372,0.197634,0.345027,-0.0163004,0.000222692,0.027658,-0.0201241,0.0978609,0.168598,-0.0162998,0.000224973,0.0276613,0.135288,0.0815599,0.196611,1.45791,0.146167,0.451508,-0.175538,0.114168,0.140586,-0.697145,0.0560235,1.34098,0,0,0,0.259506,0.109095,3.12473,0,0,0,0.259506,0.109095,3.12473,0,0,0,1.82899,-0.0442492,1.67196,0,0,0,-0.696067,-0.245864,1.50232,0,0,0,1.67935,0.149416,1.74505,0,0,0,-0.0163004,0.000222692,0.027658,0,0,0,-0.0162998,0.000224973,0.0276613,0,0,0,1.45791,0.146167,0.451508,0,0,0,-0.697145,0.0560235,1.34098,-0.00019842,0.00259116,0.000891839,0.261367,0.110772,3.12119,0.0199423,0.00405271,0.0162864,0.261367,0.110772,3.12119,-0.00118837,0.000299526,-0.000841548,1.83084,-0.0482906,1.67259,-0.000669206,0.0012453,0.00100305,-0.698177,-0.238218,1.50097,-7.70351e-05,0.00072571,0.00907483,1.67961,0.142327,1.66506,-0.00111734,0.00156283,-0.00162966,-0.0153182,0.000219504,0.027997,-0.000559912,0.000783505,-0.000528017,-0.0153208,0.000217368,0.027992,-0.000777246,0.000331595,0.000394989,1.47922,0.153935,0.469131,-0.000341902,0.00123758,-0.00144385,-0.697449,0.0553001,1.33571,0.00664782,-0.00467429,-0.00645409,0.262046,0.111185,3.12417,0.0236584,0.00368418,0.0105744,0.262046,0.111185,3.12417,0.000132112,-0.000302047,0.000135009,1.83147,-0.0455873,1.67373,-0.000231712,-0.00552568,-0.00314051,-0.704326,-0.223419,1.52313,0.00264311,0.00183785,0.00323085,1.6751,0.13471,1.5888,0.000562062,0.000521857,0.000162232,-0.0144891,0.000199239,0.0274327,0.000226333,0.000112757,-3.51824e-05,-0.0144897,0.0001989,0.0274353,0.000300377,0.000293128,-0.000328202,1.49718,0.153565,0.47743,0.000151989,-7.71596e-05,0.000248576,-0.697266,0.0456588,1.33969,
3,-0.205443,-0.223365,-0.363345,0.265936,0.125689,3.12113,0.304827,0.190157,0.637475,0.265936,0.125689,3.12113,0.158984,-0.160945,2.21408,1.83496,-0.0527055,1.68677,-0.220569,-0.0191242,-0.14763,-0.725988,-0.225227,1.55185,0.336721,0.0809336,0.370139,1.66402,0.147948,1.53272,-0.0519069,0.20464,0.339845,-0.00382552,3.5117e-05,0.0238015,-0.0230361,0.100292,0.166781,-0.0038254,4.1318e-05,0.0237942,0.131224,0.0816283,0.199309,1.4886,0.154318,0.475469,-0.177297,0.118952,0.134252,-0.697375,0.0312618,1.30373,0,0,0,0.265936,0.125689,3.12113,0,0,0,0.265936,0.125689,3.12113,0,0,0,1.83496,-0.0527055,1.68677,0,0,0,-0.725988,-0.225227,1.55185,0,0,0,1.66402,0.147948,1.53272,0,0,0,-0.00382552,3.5117e-05,0.0238015,0,0,0,-0.0038254,4.1318e-05,0.0237942,0,0,0,1.4886,0.154318,0.475469,0,0,0,-0.697375,0.0312618,1.30373,-0.0013779,-0.00292791,0.00112644,0.266882,0.123566,3.11872,-0.0256031,-0.00219854,-0.00687474,0.266882,0.123566,3.11872,0.000570741,0.000502993,0.000951414,1.836,-0.0545882,1.68403,0.00146864,-0.00224765,-0.000331639,-0.722833,-0.229683,1.54358,-0.00101357,-0.00258986,-0.00143006,1.68195,0.158217,1.62074,0.000743912,0.000924283,-0.000316107,-0.00340167,3.14564e-05,0.0217581,0.000164755,0.000415318,-0.000224091,-0.00340288,3.45332e-05,0.0217545,0.00021164,0.000549357,-0.000361138,1.47278,0.166639,0.469287,0.000118716,0.000280823,-8.76007e-05,-0.697193,0.028372,1.3102,0.00474879,0.00334831,0.000231898,0.256127,0.121932,3.13205,-0.0329639,-0.00623035,-0.0100677,0.256127,0.121932,3.13205,-0.00286306,-0.00261012,-0.000406972,1.82519,-0.0400573,1.68639,0.000583673,-0.000351716,0.00388011,-0.725906,-0.233178,1.56151,0.00160392,0.00271882,-0.00128672,1.66896,0.170373,1.75692,0.00114354,-0.00984678,0.00558019,-0.00969561,0.000130277,0.0271303,0.0011886,-0.00426039,0.00262503,-0.00968743,0.000131168,0.0271415,0.00179418,-0.00329352,0.000104873,1.43915,0.146161,0.492909,0.000583288,-0.00521686,0.00514998,-0.696995,0.0238808,1.31817,
