6,0.0202245,-0.198971,-0.450626,0.386109,0.444791,-2.99028,0.0253896,-0.0768812,0.717997,0.386109,0.444791,-2.99028,0.301127,-0.2674,1.9121,1.91773,-0.0205436,2.03857,-0.083398,0.0220703,-0.258746,-0.358441,-0.104094,1.6996,0.151559,0.00754963,0.493352,1.07699,0.936829,1.245,-0.123662,0.251857,0.293785,0.0237334,-0.000447803,0.0385933,-0.0597011,0.122141,0.149002,0.0237267,-0.000452026,0.0385914,0.0715442,0.0721969,0.242533,0.595268,0.376048,0.507016,-0.190965,0.1721,0.0554249,-0.343278,0.191263,1.4416,0,0,0,0.386109,0.444791,-2.99028,0,0,0,0.386109,0.444791,-2.99028,0,0,0,1.91773,-0.0205436,2.03857,0,0,0,-0.358441,-0.104094,1.6996,0,0,0,1.07699,0.936829,1.245,0,0,0,0.0237334,-0.000447803,0.0385933,0,0,0,0.0237267,-0.000452026,0.0385914,0,0,0,0.595268,0.376048,0.507016,0,0,0,-0.343278,0.191263,1.4416,-0.010364,0.0133709,0.00664966,0.364707,0.435037,-2.98353,-0.0078031,-0.00812322,0.0014135,0.364707,0.435037,-2.98353,-0.00747035,0.003379,-0.00831723,1.90018,-0.00139547,2.03193,-0.00830251,0.00984887,0.0107695,-0.362033,-0.133886,1.70996,-0.00450517,-0.0122384,0.00176686,1.19463,0.900145,1.3492,0.00124948,-0.0142717,0.0133325,0.0228304,-0.000429609,0.0345771,0.00066789,-0.00727557,0.00584283,0.0228542,-0.000413754,0.034598,0.00451407,-0.00671717,0.000482448,0.684975,0.418479,0.56589,-0.0031969,-0.00778861,0.011256,-0.342429,0.193203,1.44582,0.00885905,0.000105952,0.000636552,0.363341,0.448914,-2.97313,-0.0189179,-0.00420054,0.0071121,0.363341,0.448914,-2.97313,0.000434603,0.0028728,-0.00480005,1.89673,0.00466186,2.04824,0.00353166,-0.00192877,-0.0010996,-0.364966,-0.135852,1.72567,-0.0207751,-0.00169129,0.00696,1.12605,0.887306,1.32001,-0.0031742,-0.00567002,0.00170703,0.0219272,-0.000331986,0.0317889,-0.00196023,-0.0023805,0.00102347,0.0219301,-0.000344599,0.0317991,-0.00324025,-0.00401944,0.00204273,0.679924,0.435422,0.629021,-0.000656656,-0.000789325,-1.705e-05,-0.341375,0.179134,1.4518,
6,0.0263944,-0.0844046,-0.402168,0.366316,0.539356,-2.94951,0.0885506,-0.331304,0.586143,0.366316,0.539356,-2.94951,0.300252,-0.197098,1.80913,1.88319,-0.00233504,2.14013,-0.0952213,0.125639,-0.229643,-0.812608,-0.163855,1.7802,0.0838284,-0.150782,0.399855,1.29928,0.756804,0.250861,-0.152592,0.217023,0.308378,0.0209428,-0.000242404,0.0198805,-0.0754999,0.105209,0.154592,0.0209417,-0.000228441,0.0198681,0.0437459,0.0420587,0.255824,1.11112,0.697351,-0.0279137,-0.19477,0.168407,0.0533367,-0.850428,0.307301,1.27774,0,0,0,0.366316,0.539356,-2.94951,0,0,0,0.366316,0.539356,-2.94951,0,0,0,1.88319,-0.00233504,2.14013,0,0,0,-0.812608,-0.163855,1.7802,0,0,0,1.29928,0.756804,0.250861,0,0,0,0.0209428,-0.000242404,0.0198805,0,0,0,0.0209417,-0.000228441,0.0198681,0,0,0,1.11112,0.697351,-0.0279137,0,0,0,-0.850428,0.307301,1.27774,-0.0195795,0.0102389,-0.0196945,0.362511,0.526538,-2.99245,-0.00868644,-0.0208117,-0.025117,0.362511,0.526538,-2.99245,0.00177115,0.0200929,-0.0120753,1.88263,-0.037314,2.11498,-0.0105,0.00659506,-0.00943631,-0.837721,-0.135425,1.71229,-0.0104895,-0.00767156,-0.0194712,1.2376,0.770994,0.136719,0.00165861,0.0108555,-0.00815462,0.0195374,-0.000211807,0.0177042,0.000593442,0.0057701,-0.00398618,0.01954,-0.000185081,0.017621,-0.00194701,0.00625869,-0.000981196,1.01159,0.745814,-0.178391,0.00312439,0.00526865,-0.00700678,-0.883512,0.309151,1.20848,-0.00726284,0.0224012,0.0041939,0.359604,0.54476,-3.00646,-0.0117509,-0.0162192,-0.0169112,0.359604,0.54476,-3.00646,-0.000969855,0.00988479,-0.0084862,1.87698,-0.054626,2.12803,-0.000601734,0.0341421,-0.00602528,-0.825921,-0.189016,1.72252,-0.0100675,-0.0066912,-0.0106865,1.19264,0.756197,0.0732315,-0.00621503,0.00100986,-0.00280454,0.0209133,-6.86258e-05,0.0104277,-0.00362908,0.000455364,-0.00210186,0.0209186,-8.77622e-05,0.0104142,-0.00895948,-0.00257753,0.00187931,0.961383,0.724893,-0.253194,0.00169191,0.00348732,-0.00607303,-0.88417,0.366642,1.10916,
6,0.0306038,-0.125211,-0.362113,0.381422,0.561152,-2.95418,-0.119514,-0.0656727,0.695625,0.381422,0.561152,-2.95418,0.297485,-0.226792,1.85033,1.8915,-0.0217004,2.15887,-0.0747124,0.11885,-0.228451,-0.756207,-0.294028,1.85735,0.0482857,-0.100947,0.485574,1.97277,0.478308,1.53969,-0.158142,0.228036,0.29721,0.0297959,-0.000392324,0.028166,-0.0784733,0.109772,0.149914,0.0297936,-0.000412867,0.0281618,0.0341943,0.0441383,0.256945,1.33946,0.574686,0.385023,-0.191148,0.175408,0.0428611,-0.758492,0.301929,1.31585,0,0,0,0.381422,0.561152,-2.95418,0,0,0,0.381422,0.561152,-2.95418,0,0,0,1.8915,-0.0217004,2.15887,0,0,0,-0.756207,-0.294028,1.85735,0,0,0,1.97277,0.478308,1.53969,0,0,0,0.0297959,-0.000392324,0.028166,0,0,0,0.0297936,-0.000412867,0.0281618,0,0,0,1.33946,0.574686,0.385023,0,0,0,-0.758492,0.301929,1.31585,0,0,0,0.381422,0.561152,-2.95418,0,0,0,0.381422,0.561152,-2.95418,0,0,0,1.8915,-0.0217004,2.15887,0,0,0,-0.756207,-0.294028,1.85735,0,0,0,1.97277,0.478308,1.53969,0,0,0,0.0297959,-0.000392324,0.028166,0,0,0,0.0297936,-0.000412867,0.0281618,0,0,0,1.33946,0.574686,0.385023,0,0,0,-0.758492,0.301929,1.31585,0.00364591,-0.00202134,-0.00988748,0.382444,0.5573,-2.95547,0.00920174,0.00337561,-0.0158047,0.382444,0.5573,-2.95547,0.00163641,0.00393409,-0.00601063,1.89315,-0.0222957,2.15485,0.00214689,-0.0127633,0.00643049,-0.719773,-0.247106,1.80425,0.0140422,-0.00994616,-0.00911779,2.02011,0.449403,1.59456,0.00210132,0.000720385,-0.00170839,0.0308511,-0.000443099,0.0284951,0.000695164,0.000757589,-0.000190238,0.03085,-0.000440452,0.0284938,0.00125055,0.00132842,-0.000372958,1.30951,0.573864,0.299405,0.000141182,0.000197723,-2.33381e-07,-0.72669,0.27637,1.35504,
6,-0.00750064,-0.0783398,-0.396473,0.355045,0.498215,-2.94071,0.386091,-0.481587,0.243848,0.355045,0.498215,-2.94071,0.277191,-0.206634,1.88272,1.88122,0.0243112,2.10431,-0.119214,0.131865,-0.218654,-0.770708,-0.190927,1.77667,0.25035,-0.220758,0.243095,-0.234839,0.466901,-0.746093,-0.138165,0.210818,0.320882,0.0151249,-6.22316e-05,0.00928549,-0.0684159,0.102673,0.159561,0.015113,-6.87425e-05,0.0092928,0.0607975,0.045427,0.251803,-0.230464,0.325643,-0.730633,-0.197632,0.159912,0.067324,-0.811623,0.339569,1.25684,0,0,0,0.355045,0.498215,-2.94071,0,0,0,0.355045,0.498215,-2.94071,0,0,0,1.88122,0.0243112,2.10431,0,0,0,-0.770708,-0.190927,1.77667,0,0,0,-0.234839,0.466901,-0.746093,0,0,0,0.0151249,-6.22316e-05,0.00928549,0,0,0,0.015113,-6.87425e-05,0.0092928,0,0,0,-0.230464,0.325643,-0.730633,0,0,0,-0.811623,0.339569,1.25684,0.00592096,-0.00844291,-0.00966504,0.352097,0.495217,-2.93735,0.00374265,0.00131909,-0.00393536,0.352097,0.495217,-2.93735,0.000826824,-0.00106476,0.00203198,1.87924,0.0299002,2.10247,0.00586835,-0.0170607,0.000544143,-0.754506,-0.164008,1.75198,0.00381525,0.0017469,-0.00427674,-0.230795,0.477521,-0.738974,0.00098861,-0.00207542,0.00190501,0.0168075,-0.000101977,0.0113436,0.000593305,-0.00126616,0.00106258,0.0168102,-9.71711e-05,0.0113502,0.00177113,-0.000770734,-0.00029659,-0.231333,0.322234,-0.73335,-0.000575892,-0.00176252,0.00241436,-0.786601,0.302879,1.30915,-0.000220025,-0.00183141,0.000324749,0.350753,0.48899,-2.93795,0.00173475,0.001759,-0.00275885,0.350753,0.48899,-2.93795,-0.000332298,-0.000831254,0.0014325,1.87915,0.0318638,2.09644,7.63671e-05,-0.00578197,0.00518265,-0.74412,-0.148481,1.7405,0.00190459,0.000828967,-0.00260207,-0.229996,0.482017,-0.738404,0.00170834,-0.000225401,0.00154566,0.0138749,-7.98777e-05,0.0103409,0.00103145,2.7718e-05,0.000417589,0.0138749,-7.44578e-05,0.010341,0.00218056,0.000892512,-0.000710302,-0.23255,0.326806,-0.73713,-0.000120463,-0.000831998,0.00155069,-0.77507,0.293352,1.32912,
6,-0.0295094,-0.0515788,-0.390629,0.472915,0.224377,-2.96005,0.625281,0.0767071,0.623901,0.472915,0.224377,-2.96005,0.255266,-0.144918,2.17794,2.03186,0.061088,1.85207,-0.104629,0.0601988,-0.155291,-0.250963,0.460126,1.63896,0.403773,0.142306,0.412246,0.266531,0.432616,0.213702,-0.0491647,0.317723,0.250435,0.0300771,-0.000660825,0.043404,-0.0209507,0.154641,0.127249,0.0300802,-0.000654073,0.0434018,0.137852,0.137309,0.174459,0.334202,0.263727,0.375891,-0.179754,0.171975,0.0800458,-0.250951,0.460132,1.63899,0,0,0,0.472915,0.224377,-2.96005,0,0,0,0.472915,0.224377,-2.96005,0,0,0,2.03186,0.061088,1.85207,0,0,0,-0.250963,0.460126,1.63896,0,0,0,0.266531,0.432616,0.213702,0,0,0,0.0300771,-0.000660825,0.043404,0,0,0,0.0300802,-0.000654073,0.0434018,0,0,0,0.334202,0.263727,0.375891,0,0,0,-0.250951,0.460132,1.63899,0.000881097,0.000380324,0.000359877,0.472697,0.225143,-2.95774,-0.00318763,0.00316235,-0.00156466,0.472697,0.225143,-2.95774,-0.00157365,-0.00021369,0.00083106,2.03161,0.062884,1.85376,0.00044979,0.000121019,0.00034518,-0.251784,0.459827,1.64096,-0.00277221,0.000308398,-0.000637075,0.269849,0.426399,0.221063,0.000689446,0.000259645,-0.00011528,0.035054,-0.000719957,0.0411153,-2.78188e-05,-0.000146617,0.000257988,0.0350542,-0.00072054,0.0411172,-7.53838e-05,-0.000158353,0.00018334,0.335276,0.264966,0.379965,1.84785e-05,-0.000138118,0.000330704,-0.251773,0.459834,1.64099,-0.00295573,-0.000172496,0.0018652,0.469374,0.217463,-2.9554,0.00320515,0.00263876,-0.00874461,0.469374,0.217463,-2.9554,0.000693931,-0.000608457,0.00130615,2.02945,0.0692505,1.84781,-0.00137765,-0.000820125,0.00267203,-0.242871,0.457459,1.64798,2.3512e-05,-0.000598215,-0.006486,0.274122,0.425121,0.231585,0.00178328,-0.00127227,0.00210216,0.033701,-0.000711041,0.0417015,0.00106255,-0.000591008,0.000858444,0.0337026,-0.000704978,0.0417038,0.00192835,0.000284241,-0.00176798,0.336057,0.275421,0.382848,0.000200305,-0.0014677,0.00347916,-0.242859,0.457465,1.648,
6,-0.0295094,-0.0515788,-0.390629,0.472915,0.224377,-2.96005,0.625281,0.0767071,0.623901,0.472915,0.224377,-2.96005,0.255266,-0.144918,2.17794,2.03186,0.061088,1.85207,-0.104629,0.0601988,-0.155291,-0.250963,0.460126,1.63896,0.403773,0.142306,0.412246,0.266531,0.432616,0.213702,-0.0491647,0.317723,0.250435,0.0300771,-0.000660825,0.043404,-0.0209507,0.154641,0.127249,0.0300802,-0.000654073,0.0434018,0.137852,0.137309,0.174459,0.334202,0.263727,0.375891,-0.179754,0.171975,0.0800458,-0.250951,0.460132,1.63899,0,0,0,0.472915,0.224377,-2.96005,0,0,0,0.472915,0.224377,-2.96005,0,0,0,2.03186,0.061088,1.85207,0,0,0,-0.250963,0.460126,1.63896,0,0,0,0.266531,0.432616,0.213702,0,0,0,0.0300771,-0.000660825,0.043404,0,0,0,0.0300802,-0.000654073,0.0434018,0,0,0,0.334202,0.263727,0.375891,0,0,0,-0.250951,0.460132,1.63899,0.000881097,0.000380324,0.000359877,0.472697,0.225143,-2.95774,-0.00318763,0.00316235,-0.00156466,0.472697,0.225143,-2.95774,-0.00157365,-0.00021369,0.00083106,2.03161,0.062884,1.85376,0.00044979,0.000121019,0.00034518,-0.251784,0.459827,1.64096,-0.00277221,0.000308398,-0.000637075,0.269849,0.426399,0.221063,0.000689446,0.000259645,-0.00011528,0.035054,-0.000719957,0.0411153,-2.78188e-05,-0.000146617,0.000257988,0.0350542,-0.00072054,0.0411172,-7.53838e-05,-0.000158353,0.00018334,0.335276,0.264966,0.379965,1.84785e-05,-0.000138118,0.000330704,-0.251773,0.459834,1.64099,-0.00295573,-0.000172496,0.0018652,0.469374,0.217463,-2.9554,0.00320515,0.00263876,-0.00874461,0.469374,0.217463,-2.9554,0.000693931,-0.000608457,0.00130615,2.02945,0.0692505,1.84781,-0.00137765,-0.000820125,0.00267203,-0.242871,0.457459,1.64798,2.3512e-05,-0.000598215,-0.006486,0.274122,0.425121,0.231585,0.00178328,-0.00127227,0.00210216,0.033701,-0.000711041,0.0417015,0.00106255,-0.000591008,0.000858444,0.0337026,-0.000704978,0.0417038,0.00192835,0.000284241,-0.00176798,0.336057,0.275421,0.382848,0.000200305,-0.0014677,0.00347916,-0.242859,0.457465,1.648,
6,-0.0270982,-0.0507626,-0.388334,0.472929,0.222999,-2.94675,0.614011,0.0957979,0.601922,0.472929,0.222999,-2.94675,0.25256,-0.144516,2.17866,2.03245,0.0735995,1.85679,-0.103379,0.0600721,-0.152923,-0.249435,0.460295,1.65294,0.387244,0.15276,0.399503,0.27145,0.400508,0.220143,-0.0476143,0.317604,0.251863,0.0331841,-0.000707288,0.0426396,-0.0202556,0.15414,0.127924,0.0331837,-0.000707413,0.0426376,0.139149,0.137378,0.173361,0.344075,0.258585,0.413382,-0.179666,0.170906,0.0824862,-0.249424,0.460301,1.65297,0,0,0,0.472929,0.222999,-2.94675,0,0,0,0.472929,0.222999,-2.94675,0,0,0,2.03245,0.0735995,1.85679,0,0,0,-0.249435,0.460295,1.65294,0,0,0,0.27145,0.400508,0.220143,0,0,0,0.0331841,-0.000707288,0.0426396,0,0,0,0.0331837,-0.000707413,0.0426376,0,0,0,0.344075,0.258585,0.413382,0,0,0,-0.249424,0.460301,1.65297,0.00204695,-0.000509614,-0.00167789,0.477447,0.228125,-2.94892,-0.003061,0.00426351,-0.00391046,0.477447,0.228125,-2.94892,0.00158823,0.00149299,-0.000948248,2.03605,0.0681258,1.86064,0.00102049,0.000519122,-0.0025001,-0.255687,0.464083,1.64697,-0.0038108,-7.32606e-06,-0.00183284,0.276147,0.376836,0.217519,-0.000696366,0.000869929,-0.00301498,0.0317335,-0.000627611,0.0400838,-0.000681991,0.000990705,-0.00129096,0.0317294,-0.000634198,0.0400802,-0.00135342,0.00042894,0.000736888,0.34166,0.250222,0.403844,-6.75109e-06,0.00154744,-0.00332261,-0.255676,0.464089,1.647,0.00242175,-0.00173503,-0.00297832,0.486524,0.234584,-2.95377,-0.002583,0.000494263,-0.000989315,0.486524,0.234584,-2.95377,0.00222367,0.000720955,-0.00115577,2.04376,0.0583192,1.86466,0.0013304,0.000547668,-0.00444515,-0.264053,0.472086,1.63627,-0.00279698,2.85814e-05,-0.000767409,0.275447,0.361037,0.201681,-0.00212972,0.00313755,-0.00500352,0.0241293,-0.000473524,0.0413271,-0.000805646,0.00216659,-0.00282558,0.0241179,-0.000484803,0.041317,-0.00184727,0.00150333,0.000251042,0.337262,0.242407,0.385837,0.00023969,0.002831,-0.00591176,-0.264041,0.472093,1.63629,
6,-0.0408035,-0.049847,-0.379702,0.449596,0.190955,-2.94181,0.650862,0.111216,0.585518,0.449596,0.190955,-2.94181,0.257531,-0.154005,2.15211,2.01392,0.0980487,1.82866,-0.109612,0.0564552,-0.139938,-0.211442,0.440838,1.67923,0.414197,0.165003,0.390826,0.274244,0.42149,0.251836,-0.0386458,0.305436,0.264371,0.0251838,-0.000464166,0.0382678,-0.0159173,0.149604,0.133858,0.025181,-0.000477461,0.0382663,0.146589,0.136436,0.167896,0.354062,0.250169,0.453212,-0.178426,0.162757,0.0998245,-0.211431,0.440843,1.67925,0,0,0,0.449596,0.190955,-2.94181,0,0,0,0.449596,0.190955,-2.94181,0,0,0,2.01392,0.0980487,1.82866,0,0,0,-0.211442,0.440838,1.67923,0,0,0,0.274244,0.42149,0.251836,0,0,0,0.0251838,-0.000464166,0.0382678,0,0,0,0.025181,-0.000477461,0.0382663,0,0,0,0.354062,0.250169,0.453212,0,0,0,-0.211431,0.440843,1.67925,0.00377597,-0.00561818,-0.00543185,0.476369,0.197124,-2.94509,-0.00796258,-0.00067142,-0.000713758,0.476369,0.197124,-2.94509,0.00620802,0.00303785,0.00566355,2.03905,0.0855257,1.83504,0.00203037,0.000813641,-0.00890157,-0.221076,0.466396,1.66656,-0.0040112,-0.00219451,-0.00454474,0.271148,0.421348,0.229197,-0.00146661,0.0151464,-0.0180342,0.0371242,-0.000761582,0.0416035,-0.000742742,0.00663357,-0.00793993,0.0371058,-0.000769094,0.0415972,-0.00176985,0.00601515,-0.00351374,0.342486,0.266888,0.407947,0.000284801,0.00724607,-0.0123713,-0.221065,0.466402,1.66658,0.00626839,-0.00239473,-0.00558649,0.493262,0.212481,-2.95116,-0.0101028,0.000550818,0.00339874,0.493262,0.212481,-2.95116,0.00366251,0.00215413,0.00444213,2.05325,0.0687259,1.84696,0.00307108,0.00141194,-0.00842735,-0.240217,0.481205,1.64832,-0.00715132,-0.00448058,-0.000934219,0.277074,0.394505,0.222618,-0.00267856,0.00559283,-0.0107088,0.0354086,-0.000652297,0.0379048,-0.00192805,0.00361891,-0.00489952,0.0353979,-0.000665888,0.0378975,-0.00372856,0.00202024,0.00147092,0.331893,0.255185,0.36695,-0.000126465,0.00521528,-0.0112669,-0.240205,0.481211,1.64835,
6,0.329182,-0.475934,-0.0905781,0.315055,-0.974966,-2.97916,-0.368912,-0.00746419,-0.395863,0.315055,-0.974966,-2.97916,0.280488,-0.0841934,1.96357,1.76233,0.419009,0.651346,0.221471,-0.223717,0.0355726,-0.934498,-0.877159,1.24351,-0.166928,0.144228,-0.240219,-0.974382,-0.11634,-1.21546,0.214463,0.319935,0.128377,-0.0139682,-0.00015023,-0.0207405,0.105996,0.158295,0.0661674,-0.0139842,-0.000147805,-0.0207333,0.0579995,0.247005,-0.069137,-1.04945,-0.204874,-1.04747,0.154003,0.0696278,0.201478,-1.05366,-0.745737,1.41034,0,0,0,0.315055,-0.974966,-2.97916,0,0,0,0.315055,-0.974966,-2.97916,0,0,0,1.76233,0.419009,0.651346,0,0,0,-0.934498,-0.877159,1.24351,0,0,0,-0.974382,-0.11634,-1.21546,0,0,0,-0.0139682,-0.00015023,-0.0207405,0,0,0,-0.0139842,-0.000147805,-0.0207333,0,0,0,-1.04945,-0.204874,-1.04747,0,0,0,-1.05366,-0.745737,1.41034,0.00225946,0.0116376,0.0018403,0.313194,-0.962745,-2.96846,0.016854,0.00861072,-0.0127354,0.313194,-0.962745,-2.96846,-0.00219379,-0.00290886,-0.00374975,1.76528,0.425727,0.66605,0.00116388,0.0101175,-0.000470142,-0.948179,-0.874993,1.26311,-0.00255004,0.0255319,-0.0091751,-0.946087,-0.0550811,-1.25051,-0.00382425,0.00357648,9.5057e-05,-0.015065,-0.000111993,-0.0203315,-0.00225507,0.00152127,-6.00338e-05,-0.0150598,-0.000130575,-0.0203171,-0.000630069,-0.000373757,-0.0018327,-1.02135,-0.247018,-0.952983,-0.00388065,0.00341019,0.00170076,-1.07777,-0.758477,1.44561,-0.00095861,-0.000166876,0.00350627,0.317708,-0.940784,-2.97364,0.0217726,0.0101893,-0.0148388,0.317708,-0.940784,-2.97364,0.00221079,-0.000767021,2.12321e-05,1.77374,0.419897,0.689469,-0.00284899,-0.000532026,0.00453928,-0.974673,-0.884052,1.30292,-0.00100965,0.0230132,-0.00554365,-0.856627,0.0167515,-1.2788,-0.00108942,-0.000746842,0.00515405,-0.0177356,-0.000120307,-0.0205856,-0.000974743,-0.000443709,0.00260653,-0.0177335,-0.000149701,-0.0205876,0.00539622,-0.00129973,0.000125941,-0.932756,-0.312498,-0.889711,-0.00736098,0.000367576,0.00508498,-1.09336,-0.7654,1.46816,
6,0.299561,-0.502338,-0.103703,0.287978,-0.981501,-3.01313,-0.321647,0.0318863,-0.348872,0.287978,-0.981501,-3.01313,0.275619,-0.0776262,1.98067,1.7406,0.365052,0.63116,0.211014,-0.25218,0.0404092,-0.93697,-0.897557,1.24982,-0.124063,0.149003,-0.204768,-0.814522,-0.121502,-1.24127,0.241994,0.291175,0.141809,-0.017719,-0.000341539,-0.0399118,0.12033,0.143558,0.0747994,-0.0177148,-0.000347169,-0.0399076,0.0807264,0.244239,-0.0547256,-0.938006,-0.160765,-1.16199,0.159924,0.042885,0.204326,-0.990086,-0.756609,1.31752,0,0,0,0.287978,-0.981501,-3.01313,0,0,0,0.287978,-0.981501,-3.01313,0,0,0,1.7406,0.365052,0.63116,0,0,0,-0.93697,-0.897557,1.24982,0,0,0,-0.814522,-0.121502,-1.24127,0,0,0,-0.017719,-0.000341539,-0.0399118,0,0,0,-0.0177148,-0.000347169,-0.0399076,0,0,0,-0.938006,-0.160765,-1.16199,0,0,0,-0.990086,-0.756609,1.31752,0.00509639,0.00161529,0.00175616,0.282307,-0.970083,-3.00295,0.00429153,-0.0016981,-0.00487036,0.282307,-0.970083,-3.00295,0.00136743,-0.00090832,-0.00200574,1.74041,0.36862,0.643655,0.00117563,0.00130445,-0.00150667,-0.934539,-0.904348,1.24717,0.00284372,-0.00255418,-0.00222323,-0.821101,-0.124699,-1.23357,-0.00178955,0.00182703,0.00218822,-0.0155599,-0.000278614,-0.0376761,-0.00113915,0.000613357,0.000636519,-0.0155545,-0.000289824,-0.0376704,0.000601263,-0.000344492,-0.00060552,-0.938548,-0.160094,-1.16619,-0.00287473,0.00156336,0.00187342,-1.00397,-0.76616,1.33765,0.0036601,-0.0028182,-0.000483823,0.278101,-0.972417,-2.99786,-0.00187688,-8.07353e-05,0.00144163,0.278101,-0.972417,-2.99786,0.000365998,-0.000413542,-0.000162233,1.73748,0.370662,0.641151,0.00121327,-0.00279375,-0.00117064,-0.923227,-0.910451,1.23204,-0.000988859,-0.00119758,0.00113213,-0.839616,-0.125518,-1.22836,0.000718736,-0.000128246,-0.00063732,-0.0166592,-0.000294905,-0.035063,0.000207108,8.63355e-05,-0.000484459,-0.0166578,-0.00029286,-0.0350618,-0.000807309,0.000261855,-6.13222e-05,-0.950256,-0.156685,-1.17051,0.00122458,-9.06504e-05,-0.000904729,-0.998436,-0.764228,1.32968,
6,-0.0591846,-0.264954,0.186368,-2.95228,0.302683,-0.0169396,0.235085,-0.0738575,0.270454,-2.95228,0.302683,-0.0169396,0.223644,-0.156056,1.45603,1.3897,-0.0727873,-1.86533,-0.0365284,-0.123887,-0.033871,1.3829,0.304573,1.29355,0.156705,-0.0212712,0.0162657,2.83592,0.179652,-1.64491,-0.110106,0.147712,-0.354371,0.012029,-1.04203e-06,-0.0275795,-0.0567578,0.0754077,-0.17506,0.0120506,0.00012301,-0.027521,0.0782051,0.0310824,-0.237933,2.83375,0.180609,-1.64479,-0.191765,0.119725,-0.112183,1.82669,0.457457,2.26947,0,0,0,-2.95228,0.302683,-0.0169396,0,0,0,-2.95228,0.302683,-0.0169396,0,0,0,1.3897,-0.0727873,-1.86533,0,0,0,1.3829,0.304573,1.29355,0,0,0,2.83592,0.179652,-1.64491,0,0,0,0.012029,-1.04203e-06,-0.0275795,0,0,0,0.0120506,0.00012301,-0.027521,0,0,0,2.83375,0.180609,-1.64479,0,0,0,1.82669,0.457457,2.26947,0.0432645,-0.0205808,0.0226376,-2.96011,0.319571,0.0405726,0.0256009,0.00507949,-0.00423685,-2.96011,0.319571,0.0405726,0.0227053,0.00142666,0.0146858,1.39857,-0.0167614,-1.89242,0.0237374,-0.0339269,0.00906885,1.28115,0.245469,1.3603,0.0183824,-0.00178748,-0.00324982,2.81901,0.171336,-1.5879,0.00288999,-0.0161178,-0.00995652,0.00637161,-6.9125e-06,-0.0143467,0.00233185,-0.00892673,-0.00568123,0.00636018,1.72428e-05,-0.01426,0.0111858,-0.00863766,-0.00225453,2.81705,0.172199,-1.58781,-0.00645941,-0.00935625,-0.00894378,1.66908,0.46581,2.30016,0.0568992,0.0277974,0.0443817,-2.96798,0.316873,0.0753891,0.0124774,0.0065228,0.00220498,-2.96798,0.316873,0.0753891,0.0132921,0.0056364,0.0149835,1.40587,0.0205133,-1.89559,0.0182473,-0.00214333,0.0306555,1.08963,0.0981837,1.47896,0.0116451,0.0014416,0.00163086,2.82197,0.164111,-1.55008,0.00754625,-0.0118092,-0.00769383,0.00321768,1.87895e-05,-0.00737489,0.00423616,-0.00636482,-0.00417582,0.00320917,1.50716e-05,-0.00733131,0.0108314,-0.00361971,0.0010546,2.82021,0.164887,-1.55,-0.0023404,-0.00904426,-0.00951743,1.29785,0.412737,2.25456,
6,-0.219364,-0.274945,0.15684,-2.9579,-0.154188,-0.257514,0.0304574,-0.0146332,0.337678,-2.9579,-0.154188,-0.257514,0.23985,-0.151848,1.47263,1.38455,-0.225163,-1.37196,-0.0918727,-0.133826,-0.0121622,1.44485,0.330208,1.00122,0.082865,0.0230613,0.0743299,-2.98222,0.180494,-1.80045,0.00509257,0.12443,-0.37092,0.0177812,3.68397e-06,-0.0754066,-0.00487187,0.0639409,-0.18412,0.0179168,0.00050958,-0.0753313,0.13508,0.0605063,-0.189091,-2.9848,0.181487,-1.79979,-0.14499,0.0673516,-0.1792,1.9013,0.523666,1.79886,0,0,0,-2.9579,-0.154188,-0.257514,0,0,0,-2.9579,-0.154188,-0.257514,0,0,0,1.38455,-0.225163,-1.37196,0,0,0,1.44485,0.330208,1.00122,0,0,0,-2.98222,0.180494,-1.80045,0,0,0,0.0177812,3.68397e-06,-0.0754066,0,0,0,0.0179168,0.00050958,-0.0753313,0,0,0,-2.9848,0.181487,-1.79979,0,0,0,1.9013,0.523666,1.79886,0.102447,-0.00230153,0.0217094,-2.97628,0.138422,-0.0994836,0.13379,-0.0394873,-0.0278491,-2.97628,0.138422,-0.0994836,-0.00955611,-0.00591091,-0.0102893,1.40587,-0.120853,-1.69104,0.0435441,0.00302874,-0.0111441,1.42472,0.364432,1.18181,0.0492536,-0.0288843,-0.029368,3.00367,0.162686,-1.6936,-0.073477,0.0112028,0.00590267,0.0200914,0.000159895,-0.0457592,-0.0329549,0.00632183,0.0041016,0.020107,0.000383026,-0.0456397,-0.0352396,-0.0182805,-0.03084,3.00129,0.163713,-1.6933,-0.0306146,0.0309341,0.0391052,1.92909,0.508469,2.12614,0.0577332,0.0122928,0.00781848,-2.95228,0.302683,-0.0169396,0.0708372,-0.019737,-0.0393752,-2.95228,0.302683,-0.0169396,-0.00664955,0.00170377,-0.00631345,1.3897,-0.0727873,-1.86533,0.0118002,0.00691045,-0.0105647,1.3829,0.304573,1.29355,0.0245862,-0.0154481,-0.0286962,2.83592,0.179652,-1.64491,-0.0417216,0.0120786,0.0106459,0.012029,-1.04203e-06,-0.0275795,-0.0189311,0.00514502,0.00495876,0.0120506,0.00012301,-0.027521,-0.0216356,-0.0111434,-0.0180013,2.83375,0.180609,-1.64479,-0.0161609,0.0214389,0.0279122,1.82669,0.457457,2.26947,
6,0.0620113,-0.162099,-0.385116,0.405849,0.742561,-2.98685,-0.132279,-0.531824,0.00728457,0.405849,0.742561,-2.98685,0.160588,-0.194039,1.89939,1.86822,-0.122469,2.31824,-0.0577372,0.0518612,-0.23104,-0.585044,-0.183966,1.69937,-0.0732254,-0.265384,0.124917,2.27185,0.842557,-1.43537,-0.208581,0.231376,0.250097,0.00769528,0.000131032,0.0199864,-0.103507,0.113427,0.125738,0.00768895,2.46828e-05,0.0199955,-0.0443364,0.0288664,0.250742,2.31133,0.740034,-1.3761,-0.162727,0.197958,0.000708939,-0.503986,-0.0897409,1.34936,0,0,0,0.405849,0.742561,-2.98685,0,0,0,0.405849,0.742561,-2.98685,0,0,0,1.86822,-0.122469,2.31824,0,0,0,-0.585044,-0.183966,1.69937,0,0,0,2.27185,0.842557,-1.43537,0,0,0,0.00769528,0.000131032,0.0199864,0,0,0,0.00768895,2.46828e-05,0.0199955,0,0,0,2.31133,0.740034,-1.3761,0,0,0,-0.503986,-0.0897409,1.34936,0.0410216,0.00386883,0.0143569,0.4421,0.843619,-2.94926,-0.022564,-0.00711408,-0.0100203,0.4421,0.843619,-2.94926,0.000550308,0.000447512,0.00445495,1.86218,-0.141429,2.42199,0.0226475,0.000832776,0.0027784,-0.586303,-0.157041,1.71426,-0.0272781,-0.00768493,-0.0091611,2.3584,0.85263,-1.31048,-0.0246503,-0.00233085,-0.0222396,-0.00161013,0.000302874,0.0255873,-0.0120069,-0.000732811,-0.0102268,-0.00162652,0.000137455,0.025606,-0.036223,-0.010457,-0.00827713,2.37022,0.731345,-1.28842,0.0121679,0.00894326,-0.0122038,-0.507693,-0.15969,1.37669,0.0285015,0.00553185,0.00751491,0.463942,0.914141,-2.92818,-0.0227495,-0.00654778,-0.0165367,0.463942,0.914141,-2.92818,0.00220029,0.00176096,0.00169323,1.85105,-0.157622,2.49295,0.0194886,0.00700042,-0.00413749,-0.596268,-0.153956,1.73764,-0.0236715,-0.00819201,-0.0145291,2.42117,0.862224,-1.21981,-0.0166499,-0.00315841,-0.0168711,-0.0070055,0.00025944,0.0261852,-0.0084654,-0.0011387,-0.00791882,-0.00700761,0.000144819,0.026192,-0.0257437,-0.00827863,-0.00933964,2.40566,0.73654,-1.23548,0.00886775,0.00604582,-0.00648316,-0.506812,-0.193317,1.37304,
6,-0.125855,-0.241929,-0.360182,0.324174,0.197171,-3.04526,0.551171,-0.325837,0.081703,0.324174,0.197171,-3.04526,0.128224,-0.164392,1.97264,1.88861,0.0290683,1.78807,-0.17037,-0.02989,-0.159377,-0.627775,-0.17711,1.64717,0.346122,-0.120295,0.130088,2.37557,0.318962,-0.711725,-0.0509722,0.224895,0.32927,-0.0429117,2.91146e-05,0.00118293,-0.0240602,0.114537,0.160303,-0.0429115,2.73329e-05,0.00118332,0.13384,0.0947065,0.198172,2.36124,0.286688,-0.7606,-0.181961,0.134367,0.122434,-0.616206,0.070076,1.46575,0,0,0,0.324174,0.197171,-3.04526,0,0,0,0.324174,0.197171,-3.04526,0,0,0,1.88861,0.0290683,1.78807,0,0,0,-0.627775,-0.17711,1.64717,0,0,0,2.37557,0.318962,-0.711725,0,0,0,-0.0429117,2.91146e-05,0.00118293,0,0,0,-0.0429115,2.73329e-05,0.00118332,0,0,0,2.36124,0.286688,-0.7606,0,0,0,-0.616206,0.070076,1.46575,-2.64854e-07,3.1392e-07,4.3739e-07,0.324174,0.197171,-3.04526,2.2603e-07,-1.12921e-07,3.42776e-07,0.324174,0.197171,-3.04526,0,0,0,1.88861,0.0290683,1.78807,-8.60186e-08,1.06529e-07,1.55465e-07,-0.627775,-0.17711,1.64717,8.58223e-08,-1.01625e-07,9.80406e-08,2.37557,0.318962,-0.711724,-3.67936e-08,3.75597e-08,-1.11926e-08,-0.0429117,2.90792e-05,0.00118309,-7.06603e-09,1.49423e-08,-9.04188e-10,-0.0429115,2.73145e-05,0.0011834,6.87003e-09,-7.24356e-09,-7.07165e-09,2.36124,0.286688,-0.7606,1.9822e-08,1.26166e-08,7.91963e-09,-0.616206,0.0700759,1.46575,2.86745e-07,-8.86981e-07,-6.00953e-07,0.324174,0.197171,-3.04526,9.50826e-08,-1.03045e-07,3.67978e-07,0.324174,0.197171,-3.04526,0,0,0,1.88861,0.0290683,1.78807,6.27452e-08,-2.49305e-07,-2.55662e-07,-0.627775,-0.17711,1.64717,4.64396e-08,-7.43309e-08,1.38553e-07,2.37557,0.318962,-0.711724,-3.99841e-08,-7.70721e-09,9.80905e-09,-0.0429117,2.90874e-05,0.00118316,-1.77291e-08,-3.11925e-09,5.00639e-09,-0.0429115,2.73188e-05,0.00118344,1.09431e-08,-2.18597e-10,-4.01479e-09,2.36124,0.286688,-0.760599,4.16599e-08,1.03397e-08,2.61215e-09,-0.616206,0.0700757,1.46575,
6,-0.105066,-0.254479,-0.378298,0.330515,0.223556,-3.02941,0.554886,-0.325442,0.145144,0.330515,0.223556,-3.02941,0.12814,-0.172131,1.97632,1.89299,0.0343995,1.81817,-0.15883,-0.040452,-0.174141,-0.626352,-0.163419,1.66333,0.343676,-0.123814,0.170588,2.39941,0.324546,-0.640402,-0.0570197,0.226557,0.328833,-0.0415548,-2.31772e-05,-0.00123828,-0.0270915,0.114892,0.159571,-0.0415545,-2.51203e-05,-0.00123778,0.129258,0.092565,0.202193,2.38933,0.336753,-0.671867,-0.183441,0.13722,0.116952,-0.614873,0.0561701,1.48848,0,0,0,0.330515,0.223556,-3.02941,0,0,0,0.330515,0.223556,-3.02941,0,0,0,1.89299,0.0343995,1.81817,0,0,0,-0.626352,-0.163419,1.66333,0,0,0,2.39941,0.324546,-0.640402,0,0,0,-0.0415548,-2.31772e-05,-0.00123828,0,0,0,-0.0415545,-2.51203e-05,-0.00123778,0,0,0,2.38933,0.336753,-0.671867,0,0,0,-0.614873,0.0561701,1.48848,0.00220048,0.00327274,-0.00379491,0.331029,0.228149,-3.03087,-0.00372694,-0.00202497,0.00282632,0.331029,0.228149,-3.03087,1.09231e-05,-1.3092e-05,-0.000599609,1.8931,0.0314369,1.82206,0.000435852,0.000797558,-0.00171021,-0.626936,-0.150871,1.66273,-0.00309138,-0.000833782,-0.00070829,2.40061,0.328569,-0.635523,-0.00168326,0.000280489,-0.00108151,-0.0394041,-1.3236e-05,-0.000898354,-0.000855022,8.27527e-05,-0.00020701,-0.0394041,-1.65906e-05,-0.000899502,-0.00132789,-0.000621765,0.00112339,2.38579,0.330059,-0.682669,-0.000382925,0.000788335,-0.00153983,-0.615027,0.0560966,1.48576,-0.000763112,-0.00182913,-0.00133818,0.331894,0.228077,-3.03172,-0.000691406,-0.000474229,-3.24543e-05,0.331894,0.228077,-3.03172,-0.000251695,0.000313323,-0.000141723,1.89394,0.0304474,1.82175,0.000436774,-0.00177399,-0.00154515,-0.626258,-0.15066,1.65856,-0.000602599,-0.000764152,-0.000445434,2.4006,0.327202,-0.635171,0.000242617,0.000732768,-0.000955233,-0.0375796,-3.2608e-05,-0.00173579,-3.47457e-05,0.000326823,-0.000242634,-0.0375807,-3.26383e-05,-0.00173716,-8.33529e-05,0.000297766,-8.11655e-05,2.3844,0.330536,-0.686954,1.27476e-05,0.0003562,-0.00040351,-0.614967,0.0547299,1.48668,
6,-0.144265,-0.224484,-0.331418,0.346854,0.174027,-3.04134,0.537491,-0.349524,0.0702896,0.346854,0.174027,-3.04134,0.13324,-0.168033,1.97597,1.91242,0.0355644,1.76825,-0.175228,-0.0119324,-0.132813,-0.61499,-0.146168,1.60919,0.340373,-0.135634,0.119744,2.36107,0.338796,-0.751608,-0.0394543,0.245188,0.317661,-0.0189793,-7.75686e-05,-0.00717747,-0.01974,0.122268,0.155106,-0.0189758,-7.27319e-05,-0.00717889,0.139632,0.105998,0.188211,2.33792,0.341857,-0.82409,-0.17911,0.138535,0.121996,-0.617153,0.113794,1.45893,0,0,0,0.346854,0.174027,-3.04134,0,0,0,0.346854,0.174027,-3.04134,0,0,0,1.91242,0.0355644,1.76825,0,0,0,-0.61499,-0.146168,1.60919,0,0,0,2.36107,0.338796,-0.751608,0,0,0,-0.0189793,-7.75686e-05,-0.00717747,0,0,0,-0.0189758,-7.27319e-05,-0.00717889,0,0,0,2.33792,0.341857,-0.82409,0,0,0,-0.617153,0.113794,1.45893,-0.00590601,0.00324175,0.00691255,0.344691,0.171973,-3.04365,-0.00490253,-0.000648082,-0.0123926,0.344691,0.171973,-3.04365,0.0016369,0.00122938,0.000998041,1.91041,0.0344891,1.76547,-0.00238444,0.00350042,0.00501509,-0.615341,-0.157199,1.59998,-0.00485321,-0.000863007,-0.00637095,2.35576,0.328074,-0.76497,0.000134755,-0.00146855,0.00130622,-0.0219654,-8.19256e-05,-0.00708905,0.000135925,-0.000518622,0.000426019,-0.0219637,-7.98715e-05,-0.00709081,0.000221052,-0.000407615,6.59407e-05,2.32982,0.339014,-0.848362,4.69072e-05,-0.000631649,0.000784866,-0.617995,0.113975,1.45156,-0.0017517,0.00468719,0.00644345,0.344992,0.168692,-3.04312,-0.00326116,-0.000178572,-0.00973307,0.344992,0.168692,-3.04312,0.000802221,-0.00111447,0.000390622,1.91092,0.0360212,1.76258,-0.00127167,0.00409679,0.00610453,-0.615275,-0.155717,1.60017,-0.000321348,0.000996154,-0.00357833,2.34868,0.323382,-0.787343,0.00117427,0.00014337,-0.000354341,-0.0221503,-8.51657e-05,-0.00704143,0.000559466,0.000172641,-6.54954e-05,-0.0221509,-8.20397e-05,-0.00704096,0.00078734,0.000637126,-0.000944575,2.32747,0.336664,-0.855442,0.000340896,-0.000288443,0.000816075,-0.618344,0.118853,1.44851,
6,-0.12113,-0.288233,-0.348487,0.386258,0.151159,-3.01827,0.559049,-0.275883,0.205906,0.386258,0.151159,-3.01827,0.132254,-0.174829,1.97136,1.95309,0.0576788,1.75695,-0.172057,-0.0586257,-0.156057,-0.620767,-0.109569,1.68765,0.353184,-0.0923335,0.187942,2.46144,0.420409,-0.521619,-0.0284156,0.271594,0.296967,-0.00594625,-1.48098e-05,-0.00493574,-0.0143714,0.134096,0.145628,-0.00594433,-1.47246e-05,-0.00493206,0.146569,0.12225,0.172416,2.4322,0.465318,-0.591033,-0.175311,0.145938,0.118839,-0.614008,0.0927004,1.49157,0,0,0,0.386258,0.151159,-3.01827,0,0,0,0.386258,0.151159,-3.01827,0,0,0,1.95309,0.0576788,1.75695,0,0,0,-0.620767,-0.109569,1.68765,0,0,0,2.46144,0.420409,-0.521619,0,0,0,-0.00594625,-1.48098e-05,-0.00493574,0,0,0,-0.00594433,-1.47246e-05,-0.00493206,0,0,0,2.4322,0.465318,-0.591033,0,0,0,-0.614008,0.0927004,1.49157,0.000154942,0.00139016,-0.00118926,0.385869,0.154557,-3.01757,-0.00293095,-0.000647994,0.000594449,0.385869,0.154557,-3.01757,-0.000235259,0.000130141,0.000360352,1.95249,0.0571458,1.76033,0.000323578,0.000949009,0.00019105,-0.620925,-0.106763,1.6845,-0.00110885,-0.000742579,0.00203703,2.45865,0.416594,-0.528803,-0.000711235,-0.000570224,0.000597387,-0.0065831,-1.70883e-05,-0.00625911,-0.00046394,-0.000255043,0.000190318,-0.00658246,-1.96789e-05,-0.00625852,-0.000626081,-0.000636455,0.000982302,2.43304,0.465735,-0.589153,-0.000304137,0.000128999,-0.000599893,-0.614081,0.0911896,1.49083,-0.0017712,0.000764548,-0.000126375,0.38689,0.153976,-3.01953,-0.00233312,-0.000821837,0.000512432,0.38689,0.153976,-3.01953,0.000267836,0.000232469,-0.000297608,1.95349,0.0553494,1.75911,0.00182541,0.00140092,-0.00191398,-0.617519,-0.112084,1.6739,-3.31752e-05,-0.000597683,-7.76755e-05,2.45686,0.420926,-0.532951,-0.00034471,0.000937579,-0.000699288,-0.0061973,-1.60457e-05,-0.00482304,-2.77258e-05,0.000375491,-0.000347135,-0.00619929,-1.52168e-05,-0.00482696,-5.2891e-05,0.000352784,-0.000201635,2.43174,0.465459,-0.592063,-7.35419e-07,0.000399966,-0.000494143,-0.613713,0.0992993,1.49462,
6,-0.447055,-0.346968,0.242598,0.327842,-0.158094,3.0742,0.14083,-0.262122,-0.32007,0.327842,-0.158094,3.0742,0.123703,-0.0989847,1.97985,1.89443,-0.0131727,1.39955,-0.304257,-0.132153,0.214479,-0.324782,-0.660915,0.623349,0.175318,-0.0387239,-0.127946,-0.206459,0.210429,-1.63341,0.039799,0.235796,0.321721,-0.0149717,4.05763e-05,0.00470996,0.0198714,0.118003,0.158356,-0.0149752,3.71858e-05,0.00471168,0.179414,0.134383,0.126133,-0.176736,-0.0243277,-1.47717,-0.139669,0.10163,0.190588,-0.326206,-0.624317,0.626086,0,0,0,0.327842,-0.158094,3.0742,0,0,0,0.327842,-0.158094,3.0742,0,0,0,1.89443,-0.0131727,1.39955,0,0,0,-0.324782,-0.660915,0.623349,0,0,0,-0.206459,0.210429,-1.63341,0,0,0,-0.0149717,4.05763e-05,0.00470996,0,0,0,-0.0149752,3.71858e-05,0.00471168,0,0,0,-0.176736,-0.0243277,-1.47717,0,0,0,-0.326206,-0.624317,0.626086,-0.00161057,-0.00217276,-0.00154479,0.323239,-0.155111,3.07668,0.00607699,0.00812459,0.0109867,0.323239,-0.155111,3.07668,0.00187257,-0.000835564,0.00110339,1.89005,-0.0125399,1.40322,-0.000506702,-0.00268063,-0.00275944,-0.315615,-0.667592,0.608898,0.00246964,0.00704357,0.00739991,-0.208558,0.227689,-1.62611,-3.5837e-05,-0.00264709,0.0022099,-0.0159676,2.67737e-05,0.00289746,-0.000218498,-0.00130794,0.000994211,-0.0159641,2.40729e-05,0.0028989,-6.75603e-05,-0.00149109,0.00165953,-0.176936,-0.0277753,-1.46959,-0.000371918,-0.00113597,0.000314765,-0.330081,-0.626651,0.632737,0.00295163,0.00193797,0.0069671,0.327036,-0.156591,3.07514,0.00353484,0.00603963,0.00648234,0.327036,-0.156591,3.07514,0.000186311,-0.0010605,-0.000849366,1.89372,-0.0129001,1.40128,0.00106127,0.00260669,0.000874751,-0.307932,-0.683015,0.597057,0.000820164,0.00536731,0.00500293,-0.206938,0.225038,-1.61654,0.000218297,0.00200032,-0.00198204,-0.0162616,1.52545e-05,0.00228801,5.97963e-05,0.00111994,-0.00083437,-0.0162666,1.7651e-05,0.00228669,-1.66874e-05,0.0011713,-0.00120356,-0.177079,-0.0341262,-1.4651,0.000142857,0.00107634,-0.000462104,-0.330002,-0.624268,0.632558,
6,-0.459017,-0.3473,0.230033,0.325588,-0.149478,3.06557,0.132388,-0.2936,-0.33995,0.325588,-0.149478,3.06557,0.125148,-0.095056,1.98165,1.89273,-0.0244625,1.40501,-0.312288,-0.136209,0.197156,-0.298812,-0.676473,0.583947,0.169269,-0.0636439,-0.145129,-0.204753,0.221911,-1.64693,0.0357569,0.233936,0.324295,-0.0179768,4.786e-05,0.00501148,0.0178541,0.117155,0.159222,-0.0179732,4.57687e-05,0.00501069,0.178207,0.131869,0.130414,-0.176342,-0.00571722,-1.50513,-0.1425,0.102439,0.18803,-0.349165,-0.605358,0.665686,0,0,0,0.325588,-0.149478,3.06557,0,0,0,0.325588,-0.149478,3.06557,0,0,0,1.89273,-0.0244625,1.40501,0,0,0,-0.298812,-0.676473,0.583947,0,0,0,-0.204753,0.221911,-1.64693,0,0,0,-0.0179768,4.786e-05,0.00501148,0,0,0,-0.0179732,4.57687e-05,0.00501069,0,0,0,-0.176342,-0.00571722,-1.50513,0,0,0,-0.349165,-0.605358,0.665686,-0.00103947,-0.00395118,0.00481362,0.326356,-0.149057,3.0681,0.00257865,0.000864621,0.000900404,0.326356,-0.149057,3.0681,-0.000575964,-0.000530894,-0.000130979,1.89349,-0.022069,1.40619,-0.000760818,-0.00271017,0.00662304,-0.306167,-0.670762,0.594513,0.00139462,0.00157925,0.000885676,-0.204979,0.222125,-1.64249,0.000101246,0.000179528,-0.000935752,-0.0188283,5.351e-05,0.00560201,0.00011855,0.000346023,-0.000267118,-0.0188293,5.30426e-05,0.00560546,6.31323e-05,0.000444868,-0.000533041,-0.176376,-0.00730859,-1.50033,0.000175092,0.000248502,1.11299e-07,-0.340014,-0.620083,0.649778,-1.28539e-05,-2.67681e-05,8.61128e-06,0.326346,-0.149047,3.06811,5.49667e-06,-6.49003e-07,-2.33021e-06,0.326351,-0.149052,3.0681,0.00123815,-0.000306155,0.00106787,1.89177,-0.0219328,1.40847,-8.39956e-06,-1.92665e-05,1.91544e-05,-0.306194,-0.67075,0.594547,0.000107154,-0.00164347,-0.000452977,-0.204161,0.224064,-1.63888,-7.64722e-05,-0.000712776,0.00186529,-0.0209106,5.20805e-05,0.00462013,-0.000213014,-0.000497285,0.000393172,-0.0209085,4.94285e-05,0.00462119,-0.00011554,-0.000675119,0.000842438,-0.176367,-0.00428169,-1.50124,-1.74132e-06,-5.58501e-06,-4.31869e-06,-0.33998,-0.620141,0.649718,
6,-0.391211,-0.374994,-0.0504194,0.303818,0.0123437,3.11598,0.201473,-0.29899,-0.313749,0.303818,0.0123437,3.11598,0.12968,-0.0979432,1.98106,1.87472,-0.0281286,1.57492,-0.295487,-0.112871,0.0141559,-0.57254,-0.688593,1.13824,0.210685,-0.0752533,-0.112812,-0.213885,0.232088,-1.61385,-0.00933331,0.225609,0.334104,-0.0293027,3.16038e-05,0.0028436,-0.0041876,0.113473,0.162785,-0.0293109,3.84589e-05,0.00284199,0.159214,0.11002,0.169394,-0.176712,-0.0327312,-1.44174,-0.167591,0.116924,0.156175,-0.560606,-0.386251,1.08752,0,0,0,0.303818,0.0123437,3.11598,0,0,0,0.303818,0.0123437,3.11598,0,0,0,1.87472,-0.0281286,1.57492,0,0,0,-0.57254,-0.688593,1.13824,0,0,0,-0.213885,0.232088,-1.61385,0,0,0,-0.0293027,3.16038e-05,0.0028436,0,0,0,-0.0293109,3.84589e-05,0.00284199,0,0,0,-0.176712,-0.0327312,-1.44174,0,0,0,-0.560606,-0.386251,1.08752,-0.0188589,-0.00463081,0.0330398,0.307338,-0.00472364,3.1049,-0.0104527,-0.00176346,-0.00497812,0.307338,-0.00472364,3.1049,0.00149613,0.00258481,0.000589228,1.87831,-0.0335418,1.55519,-0.00769696,-0.0060017,0.0165466,-0.537278,-0.715989,1.06288,-0.0039728,-0.00178372,-0.00553032,-0.215059,0.226378,-1.63085,0.00421215,0.00277855,-0.00145384,-0.0264266,-1.03227e-05,0.00139326,0.00187081,0.00103932,-0.00069909,-0.0264291,4.22586e-06,0.00138386,0.00196281,0.00258164,-0.00362603,-0.176441,-0.0289853,-1.45051,0.00178193,-0.00050054,0.00222347,-0.545092,-0.416112,1.04783,-0.0191265,0.000603208,0.0320637,0.31394,-0.0232343,3.0925,-0.0125082,-0.0048481,0.0011068,0.31394,-0.0232343,3.0925,-0.000475813,0.00313907,-0.000456297,1.88491,-0.0395156,1.53354,-0.00785156,-0.00259384,0.0208783,-0.50856,-0.714771,0.992883,-0.00504403,-0.00131422,-0.00255372,-0.217952,0.22999,-1.65056,0.0041987,0.004174,-0.00355534,-0.0228735,-4.73995e-05,0.00149589,0.00202308,0.00189646,-0.00135421,-0.0228826,-1.76899e-05,0.00147643,0.00205533,0.00356642,-0.00456577,-0.176187,-0.0233255,-1.4606,0.00199092,0.000243221,0.00186568,-0.523633,-0.445996,0.996531,
6,-0.235602,-0.313239,-0.262712,0.298785,0.0866271,-3.11845,0.246848,-0.295375,-0.30007,0.298785,0.0866271,-3.11845,0.129826,-0.115651,1.97824,1.86843,-0.00334652,1.6604,-0.223037,-0.0722645,-0.097032,-0.654529,-0.382845,1.50901,0.223657,-0.069662,-0.0963276,-0.198621,0.237087,-1.52576,-0.0262256,0.22025,0.338403,-0.0360737,4.17644e-05,0.00218973,-0.0122267,0.111064,0.164048,-0.0360723,3.99819e-05,0.00218643,0.149949,0.100986,0.182959,-0.178662,-0.0636785,-1.41696,-0.174404,0.12114,0.145141,-0.623891,-0.102344,1.36329,0,0,0,0.298785,0.0866271,-3.11845,0,0,0,0.298785,0.0866271,-3.11845,0,0,0,1.86843,-0.00334652,1.6604,0,0,0,-0.654529,-0.382845,1.50901,0,0,0,-0.198621,0.237087,-1.52576,0,0,0,-0.0360737,4.17644e-05,0.00218973,0,0,0,-0.0360723,3.99819e-05,0.00218643,0,0,0,-0.178662,-0.0636785,-1.41696,0,0,0,-0.623891,-0.102344,1.36329,-0.0162195,-0.0112528,0.020234,0.296771,0.0855821,-3.12078,-0.000558799,0.000721121,-0.00093509,0.296771,0.0855821,-3.12078,-0.000254443,0.00143219,0.000717652,1.86646,-0.00509203,1.65872,-0.0053443,-0.00450982,0.00760569,-0.648199,-0.438777,1.4738,-0.00319005,-0.000706998,-0.00165639,-0.193209,0.238064,-1.51651,-0.000481087,-0.00193673,-5.98599e-05,-0.0370392,7.71164e-05,0.00427753,-5.21231e-05,-0.000598032,0.000399979,-0.0370365,7.8566e-05,0.00427464,-5.46293e-05,-0.000641808,0.000397622,-0.178007,-0.0620449,-1.4274,-5.28096e-05,-0.000554669,0.000401052,-0.62203,-0.132015,1.34745,-0.0328549,-0.00984641,0.0266907,0.299914,0.0635825,-3.14062,-0.0197426,-0.00289116,-0.00199895,0.299914,0.0635825,-3.14062,-0.00149211,0.00793917,-0.000691279,1.87014,-0.0178459,1.63184,-0.0190344,-0.00256218,0.0157848,-0.64826,-0.474331,1.42608,-0.0100002,-0.00192784,-0.00290668,-0.192803,0.237067,-1.54428,0.00443316,0.0026721,-0.00237113,-0.0374893,1.54542e-05,0.00279768,0.00195446,0.00153591,-0.000957072,-0.0374933,4.15979e-05,0.00277379,0.00227641,0.00314815,-0.00377332,-0.176565,-0.0519955,-1.45289,0.00162329,-6.14221e-05,0.0018641,-0.612946,-0.158933,1.28513,
6,-0.267625,-0.241236,-0.244025,0.242799,-0.145862,-3.0917,0.189241,-0.164225,-0.353758,0.242799,-0.145862,-3.0917,0.124126,-0.12132,1.97371,1.81182,0.0834049,1.44107,-0.216115,-0.0629487,-0.0210396,-1.06423,-0.150914,1.50179,0.193754,0.0294256,-0.138385,-0.924775,0.251936,-1.49642,0.064516,0.183842,0.3541,-0.0581457,0.000111635,0.00167509,0.0303572,0.0954242,0.171363,-0.0581554,8.09987e-05,0.00167014,0.186488,0.120428,0.129782,-0.954637,-0.128963,-1.35113,-0.125782,0.0704038,0.212946,-1.06987,0.034518,1.40392,0,0,0,0.242799,-0.145862,-3.0917,0,0,0,0.242799,-0.145862,-3.0917,0,0,0,1.81182,0.0834049,1.44107,0,0,0,-1.06423,-0.150914,1.50179,0,0,0,-0.924775,0.251936,-1.49642,0,0,0,-0.0581457,0.000111635,0.00167509,0,0,0,-0.0581554,8.09987e-05,0.00167014,0,0,0,-0.954637,-0.128963,-1.35113,0,0,0,-1.06987,0.034518,1.40392,-0.00376648,0.00776947,-0.00514962,0.251193,-0.132495,-3.09553,0.00315694,-0.00531389,0.006176,0.251193,-0.132495,-3.09553,0.000924578,0.000957538,-0.000498294,1.82051,0.077481,1.4538,-0.00388496,0.0098949,-0.00714711,-1.05961,-0.146233,1.49161,0.00208767,-0.0038022,0.00483298,-0.924513,0.241579,-1.50033,-0.00702052,0.00562293,-0.00123102,-0.0556704,0.000189807,0.00506915,-0.002971,0.00246354,-0.000890918,-0.0556831,0.000167351,0.00506478,-0.00172105,2.19172e-05,0.00245258,-0.954034,-0.131633,-1.35584,-0.00422332,0.00491426,-0.00423778,-1.07019,0.0659958,1.39728,-0.0012531,0.00786673,-0.0081845,0.25182,-0.119851,-3.09789,0.00336396,-0.00542808,0.00261368,0.25182,-0.119851,-3.09789,0.00229733,0.000815163,0.00116076,1.82144,0.0721379,1.46554,-0.0032299,0.00715899,-0.00728737,-1.05669,-0.144682,1.49027,0.00162007,-0.00649599,0.0036015,-0.926788,0.235351,-1.50017,-0.00527736,0.000209511,0.00118223,-0.0542887,0.000183897,0.00596448,-0.00238098,-9.46043e-05,0.000426358,-0.0542888,0.000167904,0.0059616,-0.00133547,-0.00205536,0.00369269,-0.953023,-0.120646,-1.36394,-0.00341872,0.00185978,-0.00284389,-1.07065,0.0862825,1.39082,
6,0.355002,-0.338451,-0.105584,0.350788,-0.82157,3.09586,-0.126762,-0.136955,-0.377019,0.350788,-0.82157,3.09586,0.140012,-0.1059,1.98012,1.81244,0.209966,0.769312,0.203318,-0.203373,0.0702361,-1.72883,-1.08546,2.34077,-0.00191875,0.0658777,-0.21215,-0.971315,0.182893,-1.59838,0.228899,0.238216,0.219879,0.0131539,0.00010679,-0.0116602,0.115328,0.117745,0.110589,0.0131574,9.12118e-05,-0.0116669,0.143133,0.21279,-0.0195939,-0.951281,0.0425102,-1.4169,0.0875247,0.0227212,0.240778,-1.19132,-1.00635,1.71825,0,0,0,0.350788,-0.82157,3.09586,0,0,0,0.350788,-0.82157,3.09586,0,0,0,1.81244,0.209966,0.769312,0,0,0,-1.72883,-1.08546,2.34077,0,0,0,-0.971315,0.182893,-1.59838,0,0,0,0.0131539,0.00010679,-0.0116602,0,0,0,0.0131574,9.12118e-05,-0.0116669,0,0,0,-0.951281,0.0425102,-1.4169,0,0,0,-1.19132,-1.00635,1.71825,-0.00303552,-0.000782531,0.00235716,0.345181,-0.817432,3.09513,0.00270608,0.00246396,0.00138781,0.345181,-0.817432,3.09513,-0.00169097,0.000736108,-0.000325799,1.80945,0.204252,0.772416,-0.00695666,0.000574311,0.000799219,-1.736,-1.09887,2.35297,0.00279042,0.004618,-0.00144299,-0.976528,0.190474,-1.62066,0.00100575,-0.00436592,0.00351895,0.012171,6.40906e-05,-0.0080714,0.00048417,-0.00192183,0.00151049,0.0121764,5.77247e-05,-0.00807858,0.0025271,-0.00152139,0.00225509,-0.95076,0.0385511,-1.40388,-0.00155327,-0.00233592,0.000775448,-1.19524,-0.996146,1.72292,-0.00530423,-0.000648534,0.0021345,0.340796,-0.817264,3.09712,0.000884584,0.00108156,-0.000563198,0.340796,-0.817264,3.09712,-0.00148318,-0.000813146,9.59527e-05,1.80646,0.203005,0.772428,-0.0052841,0.00045842,0.000841831,-1.72647,-1.10692,2.34476,0.00278683,-0.000327012,-0.000233534,-0.97921,0.186923,-1.62217,0.00104414,-0.00204444,0.000915039,0.0118791,4.55014e-05,-0.00748256,0.000529513,-0.000951041,0.000434764,0.011884,4.50338e-05,-0.00748456,0.000844077,-0.000510827,0.000820817,-0.950725,0.0489348,-1.40298,0.000220509,-0.00139566,3.80574e-05,-1.18783,-0.985859,1.71408,
6,0.0749648,-0.406036,-0.121019,0.302187,-0.572471,3.14124,-0.00913237,-0.151005,-0.394122,0.302187,-0.572471,3.14124,0.128364,-0.108446,1.97484,1.82706,0.161582,1.01915,-0.00277233,-0.214198,0.0802785,-1.34484,-0.613856,2.00835,0.077416,0.0567079,-0.211827,-0.964133,0.216625,-1.60335,0.182954,0.224898,0.278165,-0.024774,3.36413e-05,-0.00238167,0.0884759,0.112721,0.137326,-0.0247677,2.59704e-06,-0.0023752,0.176791,0.185614,0.0206007,-0.951986,-0.0241624,-1.37646,0.000162369,0.0398168,0.254056,-1.12097,-0.527278,1.60549,0,0,0,0.302187,-0.572471,3.14124,0,0,0,0.302187,-0.572471,3.14124,0,0,0,1.82706,0.161582,1.01915,0,0,0,-1.34484,-0.613856,2.00835,0,0,0,-0.964133,0.216625,-1.60335,0,0,0,-0.024774,3.36413e-05,-0.00238167,0,0,0,-0.0247677,2.59704e-06,-0.0023752,0,0,0,-0.951986,-0.0241624,-1.37646,0,0,0,-1.12097,-0.527278,1.60549,-0.0295176,-0.00528775,0.00209464,0.308836,-0.555051,3.13633,0.00504612,-0.00227512,0.00160704,0.308836,-0.555051,3.13633,0.00124532,0.00192571,-3.42254e-06,1.83536,0.15579,1.03582,-0.0190255,0.00128125,0.00042395,-1.30929,-0.575271,1.96499,0.00258058,-0.00281356,0.00341504,-0.957949,0.206083,-1.59576,-0.00505807,0.00140341,0.00210111,-0.0340673,-2.76929e-05,-0.00353948,-0.00318861,0.00132744,0.000923853,-0.0340723,-4.32124e-05,-0.00354069,0.00104376,-0.00129884,0.00259216,-0.951655,-0.0372689,-1.38767,-0.00743134,0.00396123,-0.000746359,-1.10928,-0.48477,1.58146,-0.0302076,-0.000534146,0.00333286,0.314439,-0.5428,3.13076,0.00468349,-0.000839033,0.00423911,0.314439,-0.5428,3.13076,-0.00159842,0.00291099,-0.000323969,1.84195,0.150013,1.04703,-0.0200074,0.00562443,0.00298143,-1.27648,-0.541282,1.92427,0.00299083,-0.000681314,0.00486451,-0.954064,0.199839,-1.59356,-0.00469433,0.0015558,0.00117635,-0.0351462,-3.84407e-05,-0.00472987,-0.00236621,0.000907,0.000682656,-0.035154,-5.82273e-05,-0.00473413,0.000799707,-0.001035,0.00209643,-0.951316,-0.0466332,-1.39579,-0.00553412,0.00285542,-0.000704615,-1.09542,-0.437329,1.55025,
6,0.309597,-0.356521,-0.115702,0.35165,-0.812763,3.09365,-0.122681,-0.147478,-0.373171,0.360012,-0.828321,3.09163,0.136079,-0.112311,1.98087,1.81703,0.214131,0.762949,0.171522,-0.201134,0.0689298,-1.60881,-1.06546,2.23595,0.00179312,0.0582298,-0.211662,-0.974474,0.181594,-1.60336,0.23142,0.242639,0.216133,0.000942464,-2.27935e-05,-0.0180903,0.114932,0.119625,0.108949,0.000935057,-4.72385e-07,-0.0180845,0.140415,0.214316,-0.0219001,-0.950975,0.0729736,-1.42864,0.08945,0.0249328,0.239804,-1.15102,-0.899623,1.67242,0.00827853,0.00605118,0.00121004,0.360012,-0.828321,3.09163,0,0,0,0.360012,-0.828321,3.09163,0,0,0,1.81703,0.214131,0.762949,0,0,0,-1.60881,-1.06546,2.23595,0,0,0,-0.974474,0.181594,-1.60336,0,0,0,0.000942464,-2.27935e-05,-0.0180903,0,0,0,0.000935057,-4.72385e-07,-0.0180845,0,0,0,-0.950975,0.0729736,-1.42864,0,0,0,-1.15102,-0.899623,1.67242,0.0087118,0.00087271,-0.00164402,0.358984,-0.834251,3.08861,-0.00721606,-0.00155275,-0.000384343,0.358984,-0.834251,3.08861,0.000366151,0.0016228,0.0019834,1.8146,0.211891,0.756167,0.0066242,-0.00164325,0.000289226,-1.63554,-1.0752,2.25832,-0.00685383,0.000426119,-0.00324515,-0.97589,0.189181,-1.61946,0.0014048,-0.00115888,0.00011836,0.00723092,4.85429e-05,-0.0197802,0.00113979,-0.00108062,-8.27788e-06,0.00723272,6.06372e-05,-0.019788,0.000322079,-0.000132085,0.000491499,-0.950825,0.0622476,-1.42663,0.00195166,-0.00204072,-0.000504568,-1.14476,-0.923807,1.66447,0.011152,0.00466023,0.00058171,0.361392,-0.832902,3.08971,-0.00121784,0.00247212,0.00201835,0.361392,-0.832902,3.08971,-0.00051346,0.00081333,0.000391848,1.8167,0.214382,0.758136,0.00794184,0.00270353,0.000729543,-1.66181,-1.07666,2.28302,0.00122708,0.00664067,-0.00584364,-0.984725,0.178643,-1.64678,-0.00146211,0.00136763,-0.000664562,0.00616273,5.4227e-05,-0.0169112,-0.000658781,0.00103237,-0.000424187,0.00616076,5.26964e-05,-0.0169078,-0.000876168,0.000504098,-0.000879751,-0.948903,0.0557652,-1.39406,-0.000436898,0.00157137,2.63885e-05,-1.15812,-0.946209,1.68108,
6,0.40541,-0.276908,-0.0143163,0.445616,-0.704556,2.93385,-0.0888919,-0.179635,-0.346781,0.445616,-0.704556,2.93385,0.123031,-0.101261,1.97757,1.90672,0.0871648,0.845587,0.221372,-0.127144,0.122819,-1.89955,-1.01423,2.47401,0.0335269,0.0362509,-0.197575,-0.968152,0.147059,-1.72437,0.184658,0.235134,0.262979,0.0200629,-0.000313444,0.0299219,0.0948931,0.117355,0.128907,0.0200562,-0.000303271,0.0299234,0.166985,0.195556,0.00464392,-0.951157,-0.015177,-1.50646,0.0227969,0.0391486,0.25317,-1.88083,-1.07241,2.45328,0,0,0,0.445616,-0.704556,2.93385,0,0,0,0.445616,-0.704556,2.93385,0,0,0,1.90672,0.0871648,0.845587,0,0,0,-1.89955,-1.01423,2.47401,0,0,0,-0.968152,0.147059,-1.72437,0,0,0,0.0200629,-0.000313444,0.0299219,0,0,0,0.0200562,-0.000303271,0.0299234,0,0,0,-0.951157,-0.015177,-1.50646,0,0,0,-1.88083,-1.07241,2.45328,0,0,0,0.445616,-0.704556,2.93385,0,0,0,0.445616,-0.704556,2.93385,0,0,0,1.90672,0.0871648,0.845587,0,0,0,-1.89955,-1.01423,2.47401,0,0,0,-0.968152,0.147059,-1.72437,0,0,0,0.0200629,-0.000313444,0.0299219,0,0,0,0.0200562,-0.000303271,0.0299234,0,0,0,-0.951157,-0.015177,-1.50646,0,0,0,-1.88083,-1.07241,2.45328,0,0,0,0.445616,-0.704556,2.93385,0,0,0,0.445616,-0.704556,2.93385,0,0,0,1.90672,0.0871648,0.845587,0,0,0,-1.89955,-1.01423,2.47401,0,0,0,-0.968152,0.147059,-1.72437,0,0,0,0.0200629,-0.000313444,0.0299219,0,0,0,0.0200562,-0.000303271,0.0299234,0,0,0,-0.951157,-0.015177,-1.50646,0,0,0,-1.88083,-1.07241,2.45328,
6,0.161316,-0.41041,-0.00801002,0.350749,-0.502505,3.09674,0.0284235,-0.197761,-0.3778,0.350749,-0.502505,3.09674,0.127558,-0.127953,1.99205,1.8791,0.123523,1.08056,0.00540205,-0.200977,0.119267,-1.49723,-0.841232,2.1692,0.10103,0.0247791,-0.207282,-0.965735,0.21787,-1.62713,0.151771,0.242417,0.282299,-0.0271308,-9.98044e-05,-0.00304098,0.0729632,0.121535,0.138918,-0.0271306,-5.76226e-05,-0.00304404,0.179389,0.181599,0.0304711,-0.948921,-0.0167543,-1.40372,-0.0334587,0.0614973,0.247351,-1.14378,-0.639177,1.62941,0,0,0,0.350749,-0.502505,3.09674,0,0,0,0.350749,-0.502505,3.09674,0,0,0,1.8791,0.123523,1.08056,0,0,0,-1.49723,-0.841232,2.1692,0,0,0,-0.965735,0.21787,-1.62713,0,0,0,-0.0271308,-9.98044e-05,-0.00304098,0,0,0,-0.0271306,-5.76226e-05,-0.00304404,0,0,0,-0.948921,-0.0167543,-1.40372,0,0,0,-1.14378,-0.639177,1.62941,0.0371326,0.0127165,0.00492781,0.353205,-0.537824,3.09407,-0.0154818,0.00553342,-0.00177997,0.353205,-0.537824,3.09407,0.00071537,-0.000864042,-0.00293164,1.87519,0.13282,1.04611,0.0270402,0.000339981,0.00486005,-1.56053,-0.888524,2.2328,-0.00896405,0.0042261,-0.00293119,-0.96993,0.210305,-1.63092,0.0101681,0.000444392,-0.00565394,-0.0262085,-0.000143226,-0.00566665,0.00479847,-7.75229e-05,-0.00255047,-0.0262092,-0.000108617,-0.00566806,-0.00287281,0.00387346,-0.00744042,-0.948922,-0.00527062,-1.40139,0.0124701,-0.00403732,0.00233792,-1.15808,-0.696194,1.65246,0.033453,0.0103484,-0.0106383,0.367307,-0.621919,3.08236,-0.0334301,0.00504972,0.00310847,0.367307,-0.621919,3.08236,-0.000814435,-0.000742038,-0.00398828,1.87064,0.154204,0.963303,0.0329265,0.00105019,-0.00085298,-1.5717,-0.95389,2.22614,-0.0180745,0.00628335,-0.00662017,-0.987209,0.196796,-1.65578,0.0204418,0.00352818,-0.0171235,-0.0219392,-0.000384016,-0.0105318,0.0102097,0.00126754,-0.00755863,-0.0219517,-0.000254442,-0.0105379,-0.00951002,0.00947213,-0.0170312,-0.948799,0.0361095,-1.38977,0.0299423,-0.00689527,0.00188986,-1.14492,-0.73184,1.63267,
6,-0.0514465,-0.0155173,-0.336468,0.188536,0.191932,-2.90311,0.283463,-0.0708914,-0.312908,0.188536,0.191932,-2.90311,0.225549,-0.15963,1.70718,1.75959,0.198606,1.80379,-0.111943,0.0313571,-0.0763533,-0.193978,0.149682,1.76937,0.225594,0.0217234,-0.0647307,0.105814,0.0250325,-1.37865,-0.00979586,0.129493,0.382975,0.00194929,3.30649e-05,0.000704184,-0.00482222,0.0642813,0.190747,0.00196427,9.63598e-06,0.00065833,0.16348,0.0602503,0.196373,0.190809,-0.180595,-1.3659,-0.173118,0.0683398,0.185194,-0.195123,0.186528,1.77214,0,0,0,0.188536,0.191932,-2.90311,0,0,0,0.188536,0.191932,-2.90311,0,0,0,1.75959,0.198606,1.80379,0,0,0,-0.193978,0.149682,1.76937,0,0,0,0.105814,0.0250325,-1.37865,0,0,0,0.00194929,3.30649e-05,0.000704184,0,0,0,0.00196427,9.63598e-06,0.00065833,0,0,0,0.190809,-0.180595,-1.3659,0,0,0,-0.195123,0.186528,1.77214,-0.00100992,0.00498812,-0.00593937,0.181055,0.208251,-2.93331,-0.00314445,-0.00175719,0.00719054,0.181055,0.208251,-2.93331,-0.00602329,0.00088247,4.00612e-05,1.75045,0.167766,1.81273,-0.00351489,0.00301876,-0.00618352,-0.210308,0.145232,1.73861,-0.00492256,-0.00812117,0.00906039,0.130814,0.0121251,-1.40538,-0.0137063,-0.00726881,0.0019744,0.00188703,3.17069e-05,0.000697277,-0.00683267,-0.00361788,0.00097689,0.00190212,1.16548e-05,0.00065701,-0.00742173,-0.00933948,0.00863877,0.208017,-0.173588,-1.39805,-0.00624139,0.00208159,-0.00670791,-0.21146,0.178286,1.74063,-0.00493689,0.00183438,-0.00448019,0.177667,0.209189,-2.95936,-0.00645269,8.69257e-06,0.00221115,0.177667,0.209189,-2.95936,-0.00113063,0.00334042,-0.000482174,1.74636,0.142763,1.80847,-0.00399054,0.0016741,-0.00422018,-0.211256,0.145079,1.7134,-0.00517521,-0.00422588,0.00393591,0.13973,-0.00346046,-1.42954,-0.00730906,-0.001259,4.3485e-05,0.00178727,3.60756e-08,0.000389577,-0.0036679,-0.000612321,1.35764e-05,0.00179041,-2.18628e-07,0.000366365,-0.00417846,-0.00368099,0.00410235,0.209566,-0.170946,-1.424,-0.00316471,0.00245332,-0.00411751,-0.212314,0.174702,1.71526,
6,-0.012553,-0.00644695,-0.300458,0.165262,0.131721,-2.65857,0.299547,0.0585653,-0.394328,0.165262,0.131721,-2.65857,0.230857,-0.12348,1.71106,1.75332,0.454476,1.78517,-0.0644027,0.0168775,-0.035337,-0.133506,0.163298,2.03182,0.247501,0.0825652,-0.129306,0.132222,-0.160715,-1.10988,0.0813795,0.146001,0.368268,-0.00569954,-0.000115484,-0.00571272,0.0397084,0.0729048,0.182814,-0.0057324,-4.39825e-05,-0.00572297,0.195672,0.105759,0.13583,0.133519,-0.163817,-1.10968,-0.116231,0.04006,0.2298,-0.133519,0.163818,2.03191,0,0,0,0.165262,0.131721,-2.65857,0,0,0,0.165262,0.131721,-2.65857,0,0,0,1.75332,0.454476,1.78517,0,0,0,-0.133506,0.163298,2.03182,0,0,0,0.132222,-0.160715,-1.10988,0,0,0,-0.00569954,-0.000115484,-0.00571272,0,0,0,-0.0057324,-4.39825e-05,-0.00572297,0,0,0,0.133519,-0.163817,-1.10968,0,0,0,-0.133519,0.163818,2.03191,0,0,0,0.165262,0.131721,-2.65857,0,0,0,0.165262,0.131721,-2.65857,0,0,0,1.75332,0.454476,1.78517,0,0,0,-0.133506,0.163298,2.03182,0,0,0,0.132222,-0.160715,-1.10988,0,0,0,-0.00569954,-0.000115484,-0.00571272,0,0,0,-0.0057324,-4.39825e-05,-0.00572297,0,0,0,0.133519,-0.163817,-1.10968,0,0,0,-0.133519,0.163818,2.03191,-0.0329104,-0.0240569,0.0100639,0.133454,-0.0103955,-2.64885,-0.0700561,0.0141551,-0.0513985,0.133454,-0.0103955,-2.64885,0.0200864,0.0013478,-0.00462007,1.72212,0.489353,1.63187,0.00431725,-0.0141613,0.0136591,0.0104932,0.133041,2.06479,-0.0328128,0.0239159,-0.0477847,-0.0114964,-0.130983,-1.07719,0.0467245,0.0307135,-0.0273506,-0.00365211,-0.000209477,-0.0083339,0.0229873,0.014806,-0.0134108,-0.00364898,-0.000110436,-0.00831148,0.00441018,0.0338354,-0.0441938,-0.010489,-0.133446,-1.07666,0.0415464,-0.00423853,0.0172589,0.0104889,0.133447,2.06493,
6,-0.131465,-0.105041,-0.229191,0.0752668,-0.53889,-2.56589,-0.106928,0.0460463,-0.523872,0.0752668,-0.53889,-2.56589,0.251834,-0.0995692,1.65926,1.64978,0.612917,1.07616,-0.0256625,-0.0126867,0.00281554,0.540139,0.0645116,2.18508,-0.00173226,0.138871,-0.291842,-0.540413,-0.0640551,-0.956886,0.179791,0.302184,0.186763,0.00436523,-0.000768892,0.0741033,0.0916486,0.155681,0.0875828,0.0042692,-0.00046495,0.0741026,0.103545,0.231526,-0.0597818,-0.540139,-0.0645842,-0.956412,0.0796617,0.0799356,0.234875,0.540139,0.0645835,2.18518,0,0,0,0.0752668,-0.53889,-2.56589,0,0,0,0.0752668,-0.53889,-2.56589,0,0,0,1.64978,0.612917,1.07616,0,0,0,0.540139,0.0645116,2.18508,0,0,0,-0.540413,-0.0640551,-0.956886,0,0,0,0.00436523,-0.000768892,0.0741033,0,0,0,0.0042692,-0.00046495,0.0741026,0,0,0,-0.540139,-0.0645842,-0.956412,0,0,0,0.540139,0.0645835,2.18518,-0.0243271,-0.0220268,0.0292122,0.084145,-0.709736,-2.55841,-0.111248,-0.0378181,0.027048,0.084145,-0.709736,-2.55841,0.0238214,0.0105487,-0.000778652,1.65016,0.63658,0.906555,0.00429048,0.00163433,0.0021488,0.711488,0.0637479,2.20878,-0.0821198,-0.014501,-5.58238e-05,-0.71173,-0.0633978,-0.933213,-0.0169516,0.0385,-0.0557734,0.0095359,-0.000497043,0.0439373,-0.00981177,0.0170245,-0.0260385,0.00940112,-0.000290275,0.0439556,-0.0529937,0.00883782,-0.0271576,-0.711489,-0.0637953,-0.932712,0.0334075,0.025008,-0.0249522,0.711489,0.0637944,2.20888,-0.00601485,-0.00659981,0.0111288,0.0618902,-0.794877,-2.51515,-0.0596769,-0.0204268,0.0214257,0.0618902,-0.794877,-2.51515,0.00899101,0.00707516,0.00128708,1.62609,0.669902,0.809318,0.00622026,0.00425001,-0.00428459,0.795836,0.0432992,2.24134,-0.0474309,-0.00959434,0.00601666,-0.796061,-0.043013,-0.900631,-0.0158092,0.0203175,-0.0331818,0.00748278,-0.000258646,0.0180202,-0.00837303,0.00815339,-0.0145936,0.00744225,-0.000162281,0.018054,-0.035187,0.00125613,-0.00939774,-0.795835,-0.0433326,-0.900153,0.0184429,0.0150941,-0.0197034,0.795835,0.0433316,2.24144,
6,0.173851,-0.00305912,-0.375814,0.385752,0.801146,-3.02836,-0.275684,-0.562552,0.0953466,0.385752,0.801146,-3.02836,0.294457,-0.110583,1.8578,1.83943,-0.164539,2.36495,0.0248163,0.144927,-0.204322,-0.865949,-0.00322878,1.51837,-0.169478,-0.296983,0.16495,-0.449133,1.03422,-1.09243,-0.227371,0.234716,0.236511,0.0107497,-8.54959e-05,0.0156035,-0.114141,0.115823,0.119292,0.0107458,-8.46137e-05,0.0155951,-0.0723624,0.0203218,0.251993,-0.471805,0.952543,-1.11747,-0.155915,0.211332,-0.013409,-0.860066,0.256702,1.30929,0,0,0,0.385752,0.801146,-3.02836,0,0,0,0.385752,0.801146,-3.02836,0,0,0,1.83943,-0.164539,2.36495,0,0,0,-0.865949,-0.00322878,1.51837,0,0,0,-0.449133,1.03422,-1.09243,0,0,0,0.0107497,-8.54959e-05,0.0156035,0,0,0,0.0107458,-8.46137e-05,0.0155951,0,0,0,-0.471805,0.952543,-1.11747,0,0,0,-0.860066,0.256702,1.30929,0.00594372,6.45051e-05,0.000969515,0.399042,0.795006,-3.02008,0.0153211,-0.00653963,0.00167086,0.399042,0.795006,-3.02008,0.00148751,-0.00445337,0.00146142,1.85022,-0.16437,2.35972,0.0022547,-0.00430193,0.00143754,-0.857513,0.0336577,1.50521,0.00880654,-0.000242102,0.00195252,-0.473937,0.997443,-1.12195,0.00311302,0.00565699,-0.000519264,0.00677377,-6.59722e-05,0.0165367,0.00225514,0.00265021,-0.000457026,0.00676383,-6.07498e-05,0.0165355,0.00336153,0.00453143,0.000547307,-0.487326,0.924693,-1.1367,0.00115733,0.000755644,-0.0014512,-0.853405,0.26934,1.32689,0.00311382,0.00616055,0.00274578,0.388647,0.793354,-3.02017,0.0164322,-0.00638638,-0.00646547,0.388647,0.793354,-3.02017,-0.000141252,-0.00257286,0.00131323,1.84326,-0.156637,2.35928,-0.00160423,-0.00192564,0.00503911,-0.851195,0.0508615,1.50205,0.0115678,-0.00278816,-0.00482844,-0.462039,0.991655,-1.10822,-0.00268335,-0.00699646,0.00369837,0.00512806,-5.059e-05,0.0172789,-0.00128443,-0.00332946,0.00204029,0.00513741,-4.74183e-05,0.0172886,0.000762589,-0.00440786,0.000605144,-0.494756,0.908173,-1.14605,-0.00333226,-0.00225118,0.00347797,-0.84576,0.264389,1.34988,
6,0.417705,0.106512,-0.0822007,0.347473,1.43158,-3.03754,-0.0690859,-0.569268,-0.155205,0.347473,1.43158,-3.03754,0.261942,-0.0461209,1.83122,1.61947,-0.24005,2.99902,0.158273,0.176168,-0.0452566,-1.43946,0.0387637,1.34481,-0.124262,-0.315831,-0.032002,-0.338634,0.510693,-0.820083,-0.356778,0.19131,0.0330967,-0.0942856,0.0010207,0.0180992,-0.17614,0.0947429,0.0261235,-0.0942837,0.000942929,0.0180998,-0.249845,-0.0521617,0.0619646,-0.42752,0.326359,-1.00736,-0.102446,0.241646,-0.00976896,-1.43968,0.0470021,1.32992,0,0,0,0.347473,1.43158,-3.03754,0,0,0,0.347473,1.43158,-3.03754,0,0,0,1.61947,-0.24005,2.99902,0,0,0,-1.43946,0.0387637,1.34481,0,0,0,-0.338634,0.510693,-0.820083,0,0,0,-0.0942856,0.0010207,0.0180992,0,0,0,-0.0942837,0.000942929,0.0180998,0,0,0,-0.42752,0.326359,-1.00736,0,0,0,-1.43968,0.0470021,1.32992,0.00437598,0.00146734,0.0264576,0.426803,1.47522,-2.95778,0.00500836,-0.00249507,-0.00294578,0.426803,1.47522,-2.95778,-0.00163855,0.00196489,0.00149769,1.61149,-0.241081,3.04482,0.00280792,0.000907472,0.0145242,-1.48352,0.0324332,1.34275,0.000365474,-0.00445082,-0.00655309,-0.337859,0.480851,-0.801634,-0.000665058,-0.000315178,-0.0173037,-0.104667,0.00103335,0.0174744,-0.00106182,-0.000205068,-0.00752809,-0.104671,0.00097847,0.0174756,-0.00356825,-0.00118916,-0.01774,-0.421048,0.284036,-0.985826,0.00143398,0.000770414,0.00267598,-1.48365,0.0392819,1.3291,0,0,0,0.426803,1.47522,-2.95778,0,0,0,0.426803,1.47522,-2.95778,0,0,0,1.61149,-0.241081,3.04482,0,0,0,-1.48352,0.0324332,1.34275,0,0,0,-0.337859,0.480851,-0.801634,0,0,0,-0.104667,0.00103335,0.0174744,0,0,0,-0.104671,0.00097847,0.0174756,0,0,0,-0.421048,0.284036,-0.985826,0,0,0,-1.48365,0.0392819,1.3291,
6,-0.175349,-0.00609484,-0.385789,0.18671,0.0672325,2.99525,0.263329,-0.146429,-0.350386,0.18671,0.0672325,2.99525,0.27998,-0.08601,1.6943,1.75941,-0.156258,1.60952,-0.181816,0.0531308,-0.121266,-0.0761497,0.158085,1.40335,0.240183,-0.033229,-0.0727742,-1.05726,-0.00748103,-1.64869,-0.0627237,0.163233,0.362666,0.0178502,-0.000218957,0.0147838,-0.0303761,0.0798915,0.182614,0.0178676,-0.000155025,0.0147792,0.13133,0.0545729,0.220583,-1.0786,-0.155359,-1.40907,-0.192067,0.105216,0.144637,-0.0686804,0.187351,1.41106,0,0,0,0.18671,0.0672325,2.99525,0,0,0,0.18671,0.0672325,2.99525,0,0,0,1.75941,-0.156258,1.60952,0,0,0,-0.0761497,0.158085,1.40335,0,0,0,-1.05726,-0.00748103,-1.64869,0,0,0,0.0178502,-0.000218957,0.0147838,0,0,0,0.0178676,-0.000155025,0.0147792,0,0,0,-1.0786,-0.155359,-1.40907,0,0,0,-0.0686804,0.187351,1.41106,-0.0257961,-0.00532642,0.0130305,0.187846,0.00839654,2.9854,-0.0213913,-0.0221616,0.000202932,0.187846,0.00839654,2.9854,0.00151253,-8.71984e-05,0.00405175,1.76095,-0.154992,1.54964,-0.0101604,-0.00807006,0.0135496,-0.0157974,0.162958,1.40389,-0.00357611,0.00380717,-0.0137636,-1.06248,0.101146,-1.64276,0.01808,-0.00523403,0.00403993,0.0170655,-0.000200124,0.0157198,0.00925907,-0.00232809,0.00232114,0.0170719,-0.000157412,0.0157125,0.0126632,0.00538463,-0.00941585,-1.07953,-0.128887,-1.40253,0.00585286,-0.0100447,0.014063,-0.00874761,0.188726,1.41249,-0.0267803,-0.00720461,0.0161797,0.195446,-0.0561885,2.97462,-0.022495,-0.0212589,0.00573424,0.195446,-0.0561885,2.97462,-0.000976115,-0.00224083,0.00314673,1.76827,-0.152876,1.48306,-0.00933975,-0.0087689,0.0153293,0.0504052,0.17332,1.40524,-0.00508723,0.00466782,-0.0115843,-1.06707,0.205509,-1.64823,0.0209887,-0.0019465,0.00249553,0.0158579,-0.000200444,0.0156873,0.0106916,-0.000733899,0.00123026,0.0158614,-0.000143486,0.015678,0.0129333,0.0081823,-0.0120472,-1.08055,-0.0999536,-1.3936,0.00845483,-0.00964287,0.0145113,0.0571226,0.195867,1.41458,
6,-0.19076,-0.630286,0.311833,0.342061,-0.873153,2.88147,-0.218057,0.03061,-0.427004,0.342061,-0.873153,2.88147,0.296449,-0.258419,1.8389,1.78799,0.00611843,0.669784,-0.0848416,-0.351359,0.2841,-0.666298,-0.390651,0.50518,-0.054999,0.169978,-0.208482,-0.365682,0.202121,-1.61036,0.268194,0.123689,0.279999,0.01259,1.75919e-05,-0.00554978,0.133537,0.0600448,0.138714,0.0125892,3.05727e-05,-0.0055513,0.196947,0.171756,0.0293111,-0.359444,-0.246387,-1.39633,0.0701265,-0.0516693,0.248112,-0.681205,-0.280356,0.53799,0,0,0,0.342061,-0.873153,2.88147,0,0,0,0.342061,-0.873153,2.88147,0,0,0,1.78799,0.00611843,0.669784,0,0,0,-0.666298,-0.390651,0.50518,0,0,0,-0.365682,0.202121,-1.61036,0,0,0,0.01259,1.75919e-05,-0.00554978,0,0,0,0.0125892,3.05727e-05,-0.0055513,0,0,0,-0.359444,-0.246387,-1.39633,0,0,0,-0.681205,-0.280356,0.53799,-0.0041282,0.00137813,-0.00934605,0.328022,-0.854007,2.88589,0.0122386,0.00150028,-0.00112365,0.328022,-0.854007,2.88589,-0.00323151,0.000709644,-0.000286853,1.78407,-0.00444374,0.688806,-0.0047181,0.00189741,-0.00104567,-0.669104,-0.42644,0.514447,0.00392094,0.000470741,0.00206296,-0.356358,0.219799,-1.60983,-0.00583796,-0.00707292,0.0073998,0.010194,4.47958e-06,0.00177177,-0.00253918,-0.00275875,0.00355407,0.0101949,-5.22045e-06,0.00176521,0.0033826,-0.00487022,0.00499072,-0.355379,-0.261297,-1.41241,-0.00845062,-0.000639292,0.00212842,-0.676951,-0.311928,0.523744,0,0,0,0.328022,-0.854007,2.88589,0,0,0,0.328022,-0.854007,2.88589,0,0,0,1.78407,-0.00444374,0.688806,0,0,0,-0.669104,-0.42644,0.514447,0,0,0,-0.356358,0.219799,-1.60983,0,0,0,0.010194,4.47958e-06,0.00177177,0,0,0,0.0101949,-5.22045e-06,0.00176521,0,0,0,-0.355379,-0.261297,-1.41241,0,0,0,-0.676951,-0.311928,0.523744,
6,-0.198152,-0.635652,0.298019,0.321309,-0.847352,2.8857,-0.201096,0.0305064,-0.429583,0.321309,-0.847352,2.8857,0.293007,-0.26283,1.83955,1.78142,-0.0111567,0.695093,-0.0905832,-0.356249,0.282059,-0.672034,-0.435324,0.517235,-0.048271,0.166368,-0.203063,-0.337238,0.224345,-1.60247,0.259801,0.112909,0.289896,0.0131988,-5.45425e-06,-0.000801588,0.130082,0.0551679,0.143895,0.0132021,2.45496e-06,-0.000815936,0.202167,0.16399,0.0370044,-0.339276,-0.258058,-1.43136,0.0579964,-0.0536604,0.250786,-0.673171,-0.338477,0.511445,0,0,0,0.321309,-0.847352,2.8857,0,0,0,0.321309,-0.847352,2.8857,0,0,0,1.78142,-0.0111567,0.695093,0,0,0,-0.672034,-0.435324,0.517235,0,0,0,-0.337238,0.224345,-1.60247,0,0,0,0.0131988,-5.45425e-06,-0.000801588,0,0,0,0.0132021,2.45496e-06,-0.000815936,0,0,0,-0.339276,-0.258058,-1.43136,0,0,0,-0.673171,-0.338477,0.511445,0,0,0,0.321309,-0.847352,2.8857,0,0,0,0.321309,-0.847352,2.8857,0,0,0,1.78142,-0.0111567,0.695093,0,0,0,-0.672034,-0.435324,0.517235,0,0,0,-0.337238,0.224345,-1.60247,0,0,0,0.0131988,-5.45425e-06,-0.000801588,0,0,0,0.0132021,2.45496e-06,-0.000815936,0,0,0,-0.339276,-0.258058,-1.43136,0,0,0,-0.673171,-0.338477,0.511445,0.000743425,-0.000295943,0.00768614,0.33106,-0.866757,2.86963,-0.0153398,-0.00139972,0.00806183,0.33106,-0.866757,2.86963,-0.000728087,0.00128405,0.00162928,1.78281,-0.0153827,0.673322,0.0026347,-0.000342109,0.00382498,-0.665806,-0.416911,0.499409,-0.00451118,-0.00239514,0.00137265,-0.342086,0.208171,-1.62996,0.0049257,-0.0028855,-0.00319726,0.0172011,1.6916e-05,-0.00449783,0.00252019,-0.00196855,-0.00155303,0.0172001,3.34167e-05,-0.00450487,7.97491e-05,0.00012779,-0.000997402,-0.33736,-0.242667,-1.43908,0.00496367,-0.00405811,-0.00210728,-0.667397,-0.313185,0.493434,
6,-0.113358,-0.191361,-0.416552,0.319331,0.292558,-3.09625,0.340387,-0.315366,-0.231477,0.319331,0.292558,-3.09625,0.101072,-0.113973,2.09538,1.87647,-0.0474284,1.86304,-0.154607,0.0158924,-0.205817,-0.470144,-0.164727,1.55863,0.261466,-0.10532,-0.0260008,2.2849,0.12619,-1.4626,-0.0895316,0.229666,0.319843,-0.0172212,-1.92604e-05,-0.00036035,-0.0433355,0.11427,0.1564,-0.0172191,-7.81626e-06,-0.000361397,0.10185,0.0785593,0.222719,2.27479,-0.100986,-1.33478,-0.18852,0.149985,0.09008,-0.464746,0.138819,1.38236,0,0,0,0.319331,0.292558,-3.09625,0,0,0,0.319331,0.292558,-3.09625,0,0,0,1.87647,-0.0474284,1.86304,0,0,0,-0.470144,-0.164727,1.55863,0,0,0,2.2849,0.12619,-1.4626,0,0,0,-0.0172212,-1.92604e-05,-0.00036035,0,0,0,-0.0172191,-7.81626e-06,-0.000361397,0,0,0,2.27479,-0.100986,-1.33478,0,0,0,-0.464746,0.138819,1.38236,-0.00692432,-0.00185655,0.00119917,0.316335,0.278924,-3.09887,-0.00587792,0.012035,-0.0180434,0.316335,0.278924,-3.09887,0.000738736,0.00109244,0.000198484,1.87483,-0.0449944,1.84938,-0.00477899,-0.00331069,0.00307114,-0.47051,-0.161119,1.55613,-0.00636072,0.00731507,-0.0124529,2.29009,0.107105,-1.46389,0.00399781,-0.00110316,0.00231816,-0.0177118,-3.15914e-05,-0.00173363,0.00186528,-0.000561692,0.000913486,-0.0177098,-1.9402e-05,-0.00173521,0.00352233,0.00097464,-0.0019959,2.2779,-0.113253,-1.36387,0.000208345,-0.00210223,0.0038207,-0.464751,0.133606,1.38236,-0.00324007,-0.00293013,0.00161669,0.316047,0.269252,-3.09921,-0.0124055,0.0393104,0.017074,0.316047,0.269252,-3.09921,0.000407582,0.0006886,-3.95523e-05,1.87537,-0.0423482,1.84006,-0.00482853,-0.0030925,0.00285782,-0.473675,-0.153616,1.56442,-0.0117967,0.0279635,0.0169689,2.29428,0.0796948,-1.46485,0.00323877,0.000510902,0.00128588,-0.0172851,-3.34838e-05,-0.00279843,0.00151661,6.44852e-05,0.000346707,-0.0172852,-2.67258e-05,-0.00279862,0.00271106,0.00131323,-0.00178894,2.27841,-0.146171,-1.36785,0.000321084,-0.00118446,0.00248323,-0.465176,0.127468,1.37915,
6,0.0252483,-0.109277,-0.363074,0.390255,0.69351,-3.0347,-0.131462,-0.374893,-0.213851,0.390255,0.69351,-3.0347,0.161832,-0.165241,1.86245,1.87087,-0.143622,2.25871,-0.0546282,0.0942237,-0.216508,-0.67845,-0.252633,1.64065,-0.0568725,-0.188511,0.0114719,2.00956,0.614491,-2.05166,-0.194512,0.241689,0.248489,0.00201059,7.27231e-05,0.0193668,-0.096516,0.11963,0.125573,0.00200642,6.58763e-06,0.0193713,-0.0304648,0.040282,0.251938,2.10488,0.512953,-1.87054,-0.162585,0.198969,-0.000798433,-0.625954,0.0721262,1.29108,0,0,0,0.390255,0.69351,-3.0347,0,0,0,0.390255,0.69351,-3.0347,0,0,0,1.87087,-0.143622,2.25871,0,0,0,-0.67845,-0.252633,1.64065,0,0,0,2.00956,0.614491,-2.05166,0,0,0,0.00201059,7.27231e-05,0.0193668,0,0,0,0.00200642,6.58763e-06,0.0193713,0,0,0,2.10488,0.512953,-1.87054,0,0,0,-0.625954,0.0721262,1.29108,0,0,0,0.390255,0.69351,-3.0347,0,0,0,0.390255,0.69351,-3.0347,0,0,0,1.87087,-0.143622,2.25871,0,0,0,-0.67845,-0.252633,1.64065,0,0,0,2.00956,0.614491,-2.05166,0,0,0,0.00201059,7.27231e-05,0.0193668,0,0,0,0.00200642,6.58763e-06,0.0193713,0,0,0,2.10488,0.512953,-1.87054,0,0,0,-0.625954,0.0721262,1.29108,0.0296392,0.00814041,-0.00208295,0.396143,0.753015,-3.02401,0.00318069,0.00739759,-0.023562,0.396143,0.753015,-3.02401,0.000205176,-0.000785369,0.000812255,1.85973,-0.154433,2.3184,0.0161587,0.00206228,-0.00182287,-0.684988,-0.228674,1.64097,-0.0107715,-0.00164157,-0.0137359,2.01095,0.62787,-2.04557,-0.0153219,-0.00302741,-0.0107716,0.00506462,4.34203e-05,0.0260294,-0.00801905,-0.00192695,-0.00468872,0.00506548,-2.74219e-05,0.0260374,-0.0221485,-0.00847732,-0.00251169,2.10379,0.52836,-1.87274,0.00610297,0.00461371,-0.00687129,-0.625776,0.034073,1.29483,
6,0.31858,0.0788484,-0.256662,0.417093,1.05928,-2.96759,-0.0578206,-0.311439,-0.350492,0.417093,1.05928,-2.96759,0.154266,-0.153186,1.86456,1.77416,-0.190791,2.62834,0.0949173,0.152054,-0.138489,-1.08512,0.186912,1.38922,-0.0888228,-0.172105,-0.085697,2.07762,0.711724,-1.92747,-0.290556,0.202983,0.173564,-0.0156433,0.000203,0.0242984,-0.145325,0.101042,0.0898163,-0.0156437,0.000193588,0.0242913,-0.16037,-0.0187198,0.200207,2.09456,0.600642,-1.89464,-0.13029,0.220806,-0.0205737,-1.09631,0.199326,1.37605,0,0,0,0.417093,1.05928,-2.96759,0,0,0,0.417093,1.05928,-2.96759,0,0,0,1.77416,-0.190791,2.62834,0,0,0,-1.08512,0.186912,1.38922,0,0,0,2.07762,0.711724,-1.92747,0,0,0,-0.0156433,0.000203,0.0242984,0,0,0,-0.0156437,0.000193588,0.0242913,0,0,0,2.09456,0.600642,-1.89464,0,0,0,-1.09631,0.199326,1.37605,-0.00307812,-0.000910385,-0.00438481,0.416436,1.049,-2.9696,-0.00309652,-0.0044163,0.00176156,0.416436,1.049,-2.9696,-0.00133403,-0.00140476,-0.0012124,1.77759,-0.190128,2.61789,-0.001923,-0.000863917,-0.0022511,-1.07633,0.191465,1.38835,-0.000828602,-0.00289191,0.00194837,2.07429,0.705473,-1.93221,0.00274117,0.000998818,0.00257932,-0.0153899,0.000148483,0.0233091,0.00128447,0.000678067,0.00129375,-0.0153918,0.000165193,0.0233067,0.00320461,0.00174167,0.00267999,2.09686,0.601593,-1.89056,-0.000621939,-0.000376319,-7.93975e-05,-1.08646,0.202776,1.37659,-0.0133943,-0.00154872,-0.0125992,0.407336,1.01531,-2.97371,-0.00836242,-0.0037538,0.0128727,0.407336,1.01531,-2.97371,0.000817954,-0.00190716,-6.22859e-06,1.78475,-0.179403,2.58486,-0.0095955,-0.00263313,-0.00520245,-1.04346,0.19974,1.3975,0.00197387,-0.00270051,0.0109635,2.06499,0.69918,-1.94824,0.00584426,-0.0011113,0.0104765,-0.0130283,0.00013634,0.0268157,0.00292448,-0.000848746,0.00536687,-0.0130285,0.000164764,0.0268188,0.0115085,0.00161962,0.00846919,2.0985,0.593255,-1.88765,-0.00564972,-0.00332312,0.00225937,-1.05261,0.210284,1.38726,
6,-0.123571,-0.244025,-0.377961,0.347186,0.265967,-3.01144,0.578685,-0.197512,0.438104,0.347186,0.265967,-3.01144,0.136148,-0.126982,1.96427,1.90548,0.0333673,1.86439,-0.169001,-0.0256985,-0.1811,-0.639283,-0.183491,1.6252,0.345873,-0.0654226,0.3231,0.626673,0.31838,-0.092301,-0.0669532,0.236686,0.316579,-0.00564211,7.94176e-06,0.00574588,-0.0324283,0.11751,0.156608,-0.00561224,1.1883e-05,0.0057448,0.120442,0.0907753,0.208333,0.610815,0.387827,-0.141282,-0.185316,0.144253,0.104904,-0.623089,0.065057,1.42771,0,0,0,0.347186,0.265967,-3.01144,0,0,0,0.347186,0.265967,-3.01144,0,0,0,1.90548,0.0333673,1.86439,0,0,0,-0.639283,-0.183491,1.6252,0,0,0,0.626673,0.31838,-0.092301,0,0,0,-0.00564211,7.94176e-06,0.00574588,0,0,0,-0.00561224,1.1883e-05,0.0057448,0,0,0,0.610815,0.387827,-0.141282,0,0,0,-0.623089,0.065057,1.42771,0.00142134,0.00256736,-0.00250734,0.340299,0.268483,-3.01259,-0.000566974,-0.00421531,-0.0050918,0.340299,0.268483,-3.01259,-0.00122098,0.000450382,-0.000245601,1.89863,0.0334739,1.86616,0.00193401,-0.000299912,-0.000778354,-0.638201,-0.187421,1.62208,-0.000961762,-0.000648174,0.000159432,0.620906,0.316568,-0.109431,-0.00142377,-0.00490363,0.00441777,-0.010801,2.501e-05,0.00379267,-0.000649289,-0.00221856,0.00151925,-0.010792,2.28492e-05,0.00379355,-0.000777396,-0.00274868,0.00162724,0.613357,0.380385,-0.134478,-0.000508491,-0.00169472,0.00139439,-0.622745,0.0596882,1.43346,-0.00248809,0.0016371,-0.000461121,0.336953,0.268652,-3.01532,-0.0016274,-0.00369057,-0.00715012,0.336953,0.268652,-3.01532,-0.00144656,3.23281e-05,0.00021314,1.89538,0.0318074,1.86534,0.00035631,0.000868882,0.00144778,-0.636262,-0.190382,1.61104,-0.00193984,-0.000603524,0.000553955,0.611752,0.311152,-0.136649,-0.00101623,-0.00265529,0.0021203,-0.0170138,2.96994e-05,0.00355568,-0.000296478,-0.000895057,0.000595418,-0.0170101,2.99626e-05,0.00355359,-0.000370227,-0.00113754,0.000690084,0.61467,0.381598,-0.130945,-0.000218423,-0.000653338,0.000502096,-0.622655,0.0569283,1.43482,
6,-0.223743,-0.19948,-0.299027,0.287834,0.0436152,-3.11171,0.227702,-0.296485,0.0196818,0.287834,0.0436152,-3.11171,0.124431,-0.122811,1.97106,1.85839,0.0162736,1.6211,-0.217643,0.00506466,-0.0940089,-0.620743,-0.212166,1.53533,0.243405,-0.0466192,-0.0463478,-0.393488,1.25637,-1.65998,-0.00879785,0.207927,0.344118,-0.0595117,-0.000158081,-0.00472461,-0.00456374,0.107691,0.166642,-0.0594912,-0.000145079,-0.00472058,0.158827,0.103931,0.173551,-0.118795,0.0135587,-1.28545,-0.167954,0.111471,0.159744,-0.629509,0.165098,1.35931,0,0,0,0.287834,0.0436152,-3.11171,0,0,0,0.287834,0.0436152,-3.11171,0,0,0,1.85839,0.0162736,1.6211,0,0,0,-0.620743,-0.212166,1.53533,0,0,0,-0.393488,1.25637,-1.65998,0,0,0,-0.0595117,-0.000158081,-0.00472461,0,0,0,-0.0594912,-0.000145079,-0.00472058,0,0,0,-0.118795,0.0135587,-1.28545,0,0,0,-0.629509,0.165098,1.35931,-0.00161431,-0.00264842,-0.00412027,0.290772,0.0436532,-3.11204,0.024599,-0.00174099,0.0246484,0.290772,0.0436532,-3.11204,0.00152478,-0.000168047,0.000714106,1.86132,0.0158047,1.62109,0.00131265,-0.00324384,-0.00365807,-0.617859,-0.204109,1.52461,0.0172457,-0.00352839,0.0142419,-0.364608,1.2912,-1.56065,0.000584427,0.00240839,-0.00189396,-0.0560329,-0.000218185,-0.00779103,-3.64323e-05,0.000985367,-0.000626411,-0.0560355,-0.000218319,-0.00779144,-3.78421e-05,0.000953202,-0.000526528,-0.0986742,0.0478858,-1.21376,-3.37701e-05,0.00099041,-0.000741232,-0.628332,0.161523,1.3668,0.00511112,-0.00611922,-0.00165796,0.303733,0.0483436,-3.1032,0.03028,-0.0049773,0.0243185,0.303733,0.0483436,-3.1032,0.00406969,-0.00233251,0.00154979,1.87424,0.022182,1.6284,0.00214774,-0.00360882,-0.0040504,-0.616802,-0.190661,1.53475,0.0204849,-0.00839165,0.0147333,-0.294703,1.30068,-1.41175,0.000254741,0.00990105,-0.00558569,-0.0496585,-0.000218445,-0.00902635,-1.26572e-05,0.00412246,-0.00279333,-0.0496687,-0.000222678,-0.0090197,-2.84567e-05,0.00411125,-0.00255923,-0.0779122,0.0924819,-1.13435,3.87702e-06,0.00412868,-0.00303035,-0.626812,0.16339,1.37626,
6,-0.696822,-0.0119979,0.327229,0.354508,-0.0310493,3.13554,0.211211,-0.302445,-0.311209,0.354508,-0.0310493,3.13554,0.125025,-0.115293,1.9749,1.92513,0.00510161,1.53958,-0.432207,0.064122,0.246382,-0.253123,-0.34828,-0.0227575,0.218319,-0.0673184,-0.122381,-0.211094,0.18495,-1.58206,0.0133565,0.260003,0.303973,-0.00361742,-3.94497e-05,-0.0234909,0.00425957,0.129177,0.150636,-0.00361523,-4.15997e-05,-0.0234937,0.167627,0.132687,0.143007,-0.178852,-0.054208,-1.39499,-0.159108,0.125667,0.158269,-0.234505,-0.315978,-0.0751971,0,0,0,0.354508,-0.0310493,3.13554,0,0,0,0.354508,-0.0310493,3.13554,0,0,0,1.92513,0.00510161,1.53958,0,0,0,-0.253123,-0.34828,-0.0227575,0,0,0,-0.211094,0.18495,-1.58206,0,0,0,-0.00361742,-3.94497e-05,-0.0234909,0,0,0,-0.00361523,-4.15997e-05,-0.0234937,0,0,0,-0.178852,-0.054208,-1.39499,0,0,0,-0.234505,-0.315978,-0.0751971,0.000381445,-0.00380598,-0.000400833,0.353588,-0.0333039,3.13539,-0.000246538,0.000918904,0.000513993,0.353588,-0.0333039,3.13539,0.000249741,0.000415048,0.000410155,1.92419,0.005713,1.53741,-0.00069393,-0.00114695,0.000813091,-0.256858,-0.350202,-0.0121445,-0.00175387,-0.000202967,-1.01116e-05,-0.20886,0.186127,-1.57607,0.00122901,0.00043361,0.00120945,-0.00241447,-3.56387e-05,-0.0259922,0.000335486,-0.000281838,0.000233958,-0.00241326,-3.24941e-05,-0.0259925,0.000302874,-5.61464e-06,-0.000347009,-0.178628,-0.0509593,-1.39927,0.000366847,-0.00055958,0.000809757,-0.235377,-0.312442,-0.072413,0.00325492,0.00262158,-0.00589354,0.360972,-0.0339086,3.13185,-0.000589619,-0.00350859,0.00119906,0.360972,-0.0339086,3.13185,0.00162231,-0.000166391,0.000571283,1.93156,0.00285877,1.53564,0.00332435,-0.000670098,-0.00716267,-0.253347,-0.346394,-0.0187078,0.00182615,-0.00165633,0.000498126,-0.210673,0.176801,-1.58442,-0.000829771,0.00621806,-0.00495604,0.0081526,9.79621e-05,-0.0243206,-0.00019839,0.00217805,-0.00188798,0.00814263,9.86147e-05,-0.0243251,-0.000183058,0.0020131,-0.00169008,-0.178878,-0.0526351,-1.39452,-0.000207129,0.00233453,-0.0020891,-0.242879,-0.316324,-0.0482603,
6,-0.701472,-0.0292017,0.291563,0.343389,-0.0306286,3.11365,0.201839,-0.305909,-0.314924,0.343389,-0.0306286,3.11365,0.124667,-0.109567,1.97361,1.91407,-0.0160026,1.53255,-0.435637,0.0554919,0.223267,-0.263716,-0.360068,0.0161062,0.221124,-0.0739044,-0.121054,-0.222189,0.187268,-1.62758,0.00942756,0.252453,0.311412,-0.00908661,-0.000108435,-0.0196601,0.00267232,0.12564,0.153627,-0.00908073,-9.49164e-05,-0.0196649,0.166162,0.127842,0.148983,-0.178873,-0.0383222,-1.3944,-0.160818,0.123447,0.158271,-0.253287,-0.300245,-0.0129391,0,0,0,0.343389,-0.0306286,3.11365,0,0,0,0.343389,-0.0306286,3.11365,0,0,0,1.91407,-0.0160026,1.53255,0,0,0,-0.263716,-0.360068,0.0161062,0,0,0,-0.222189,0.187268,-1.62758,0,0,0,-0.00908661,-0.000108435,-0.0196601,0,0,0,-0.00908073,-9.49164e-05,-0.0196649,0,0,0,-0.178873,-0.0383222,-1.3944,0,0,0,-0.253287,-0.300245,-0.0129391,0,0,0,0.343389,-0.0306286,3.11365,0,0,0,0.343389,-0.0306286,3.11365,0,0,0,1.91407,-0.0160026,1.53255,0,0,0,-0.263716,-0.360068,0.0161062,0,0,0,-0.222189,0.187268,-1.62758,0,0,0,-0.00908661,-0.000108435,-0.0196601,0,0,0,-0.00908073,-9.49164e-05,-0.0196649,0,0,0,-0.178873,-0.0383222,-1.3944,0,0,0,-0.253287,-0.300245,-0.0129391,0.00514601,0.00227911,-0.013019,0.3501,-0.0201442,3.11466,0.00338282,-0.00644647,0.00607663,0.3501,-0.0201442,3.11466,0.000234294,-0.000201163,0.000641723,1.92089,-0.0183879,1.54264,0.00282826,0.00440237,-0.00583173,-0.273057,-0.368987,0.0402789,0.000820534,-0.00339659,0.00197231,-0.220879,0.191193,-1.62372,-0.00270302,0.00562664,-0.00368036,-0.00341646,-3.10127e-05,-0.0215227,-0.00151507,0.00214404,-0.00175272,-0.00341835,-3.37788e-05,-0.0215229,-0.00144092,0.000894755,0.000844375,-0.178768,-0.0428766,-1.39692,-0.00159045,0.00338261,-0.004348,-0.25279,-0.315724,-0.0144727,
6,-0.634387,-0.185451,0.0298304,0.34457,0.0347642,3.08885,0.201099,-0.31686,-0.290632,0.352989,0.0322502,3.09064,0.124023,-0.105084,1.9817,1.92424,-0.0589586,1.58343,-0.421625,-0.00471777,0.0822945,-0.39846,-0.4715,0.444904,0.205277,-0.0800857,-0.101643,-0.194537,0.190296,-1.60952,-0.0160034,0.260286,0.304342,-0.00677546,-2.89836e-05,-0.00516402,-0.00837692,0.129443,0.150231,-0.00678968,-2.40009e-05,-0.00516143,0.154374,0.12254,0.165244,-0.174789,-0.0708723,-1.46801,-0.171116,0.136336,0.135204,-0.405412,-0.332925,0.455144,-0.0241137,0.0200434,0.0323184,0.352989,0.0322502,3.09064,0,0,0,0.352989,0.0322502,3.09064,0,0,0,1.92424,-0.0589586,1.58343,0,0,0,-0.39846,-0.4715,0.444904,0,0,0,-0.194537,0.190296,-1.60952,0,0,0,-0.00677546,-2.89836e-05,-0.00516402,0,0,0,-0.00678968,-2.40009e-05,-0.00516143,0,0,0,-0.174789,-0.0708723,-1.46801,0,0,0,-0.405412,-0.332925,0.455144,-0.0149746,0.0267053,0.0346424,0.353025,0.0232652,3.09018,-0.00296649,0.00354828,-0.000989893,0.353025,0.0232652,3.09018,-0.001953,0.000124543,-0.00260888,1.92431,-0.0562838,1.57484,-0.00567012,0.0135832,0.024404,-0.378969,-0.448199,0.37531,0.000245745,0.00300711,-0.00109231,-0.197432,0.190168,-1.61651,0.00337418,-0.000792358,0.000588013,-0.00949998,-5.77299e-05,-0.00883565,0.00131258,-0.000119395,0.000168457,-0.00949968,-5.01013e-05,-0.00883604,0.00154714,0.000966513,-0.00218327,-0.175117,-0.071544,-1.46341,0.00106916,-0.0011817,0.00253634,-0.375126,-0.33767,0.363258,-0.00791469,0.02421,0.0306907,0.353224,0.0163958,3.09216,-0.0023234,-0.000279174,-0.00298904,0.353224,0.0163958,3.09216,-0.0010392,-0.000895283,-0.00084277,1.92447,-0.052049,1.56907,-0.000721619,0.0107516,0.015205,-0.350916,-0.438255,0.295259,-0.00308696,-0.000750923,-0.00316516,-0.194351,0.18914,-1.61057,0.00326877,-0.000968632,0.000318983,-0.0127697,-0.000107497,-0.0134232,0.0011657,-6.76768e-05,0.00011181,-0.0127697,-9.70179e-05,-0.0134202,0.00134832,0.000893014,-0.00198246,-0.174642,-0.067374,-1.47034,0.000988931,-0.00103003,0.00220597,-0.355951,-0.32968,0.30475,
6,-0.404609,-0.375833,0.306909,0.325011,-0.132514,3.12935,0.11565,-0.226865,-0.23661,0.325011,-0.132514,3.12935,0.161673,-0.0381523,1.87697,1.89301,0.0305929,1.44127,-0.281903,-0.15173,0.248243,0.810648,-0.792372,0.58065,0.206965,0.00691049,-0.0932802,-1.01548,0.29495,-1.87856,0.0388534,0.240532,0.321527,-0.0144816,8.47577e-05,0.0117572,0.0199797,0.119624,0.157122,-0.0144796,8.49972e-05,0.0117565,0.179394,0.136091,0.124314,-0.952795,-0.06999,-1.34235,-0.139434,0.10316,0.189932,0.79386,-0.76798,0.604868,0,0,0,0.325011,-0.132514,3.12935,0,0,0,0.325011,-0.132514,3.12935,0,0,0,1.89301,0.0305929,1.44127,0,0,0,0.810648,-0.792372,0.58065,0,0,0,-1.01548,0.29495,-1.87856,0,0,0,-0.0144816,8.47577e-05,0.0117572,0,0,0,-0.0144796,8.49972e-05,0.0117565,0,0,0,-0.952795,-0.06999,-1.34235,0,0,0,0.79386,-0.76798,0.604868,0,0,0,0.325011,-0.132514,3.12935,0,0,0,0.325011,-0.132514,3.12935,0,0,0,1.89301,0.0305929,1.44127,0,0,0,0.810648,-0.792372,0.58065,0,0,0,-1.01548,0.29495,-1.87856,0,0,0,-0.0144816,8.47577e-05,0.0117572,0,0,0,-0.0144796,8.49972e-05,0.0117565,0,0,0,-0.952795,-0.06999,-1.34235,0,0,0,0.79386,-0.76798,0.604868,8.33485e-05,-0.00283559,0.00252234,0.324262,-0.133046,3.13131,0.000743889,0.000683655,-0.00167653,0.324262,-0.133046,3.13131,-8.68235e-05,-9.63596e-05,-0.000376709,1.89227,0.0325226,1.44136,-0.000612907,-0.00246943,0.000304877,0.816222,-0.798385,0.572628,0.000491031,0.000113269,-0.000574829,-1.02078,0.291577,-1.87594,0.00012563,-0.000215446,-0.00058494,-0.011513,7.24869e-05,0.0128232,0.00024981,-0.000160227,9.13383e-05,-0.0115121,7.31304e-05,0.0128255,0.000153608,4.57556e-05,-0.000270758,-0.95875,-0.0688833,-1.33979,0.00034441,-0.000366626,0.000449533,0.7928,-0.765936,0.60639,
6,-0.185278,-0.230341,0.62927,0.371263,-0.323417,3.12248,0.0706468,-0.236326,-0.237228,0.371263,-0.323417,3.12248,0.167195,-0.0249241,1.87208,1.92371,0.0976258,1.2614,-0.135716,-0.0801422,0.418763,0.12097,-0.798926,-0.205003,0.168341,0.0170142,-0.138145,-1.13391,0.284538,-1.90821,0.0906645,0.269448,0.281929,0.0164306,1.89779e-06,0.0012058,0.0458561,0.13244,0.140542,0.0164373,-4.79791e-06,0.00120476,0.183199,0.170236,0.0601229,-1.05448,0.00278232,-1.37188,-0.0914915,0.0946707,0.220991,0.0275218,-0.856889,-0.0752567,0,0,0,0.371263,-0.323417,3.12248,0,0,0,0.371263,-0.323417,3.12248,0,0,0,1.92371,0.0976258,1.2614,0,0,0,0.12097,-0.798926,-0.205003,0,0,0,-1.13391,0.284538,-1.90821,0,0,0,0.0164306,1.89779e-06,0.0012058,0,0,0,0.0164373,-4.79791e-06,0.00120476,0,0,0,-1.05448,0.00278232,-1.37188,0,0,0,0.0275218,-0.856889,-0.0752567,-0.000691569,-0.00168863,-0.00516565,0.374837,-0.316761,3.12631,-8.24081e-05,-0.00408058,-0.00156758,0.374837,-0.316761,3.12631,0.00264195,9.68591e-05,-2.33251e-05,1.928,0.0999771,1.26935,-0.00507654,-3.65479e-06,-0.00489629,0.118061,-0.826979,-0.198617,0.00139538,-0.00443198,-0.00220467,-1.15209,0.275208,-1.91092,-0.0019714,0.003584,-0.00200719,0.0182189,1.44728e-05,-0.000418227,-0.00109676,0.00143138,-0.00100272,0.0182148,6.76524e-06,-0.00041244,-0.000414799,0.000522184,-0.000248829,-1.0743,0.00423449,-1.37051,-0.00177945,0.00230628,-0.00179313,-0.000541158,-0.857631,-0.038164,-0.000516652,-0.00237,-0.00550901,0.375745,-0.307127,3.1277,0.00477847,0.000778082,0.00149209,0.375745,-0.307127,3.1277,0.000880911,-0.000846299,0.000762326,1.92996,0.098163,1.27899,-0.00592443,0.000232589,-0.00461168,0.123734,-0.865835,-0.200563,0.00430374,0.0004335,0.00287819,-1.15865,0.273054,-1.90729,-0.00259577,0.000829756,0.000189798,0.0172545,1.7369e-05,-0.000601148,-0.00138182,0.000428302,2.64243e-05,0.0172535,7.95219e-06,-0.000599519,9.43401e-06,-0.000711096,0.00196022,-1.08078,0.00330675,-1.36077,-0.00276647,0.00156998,-0.00190195,-0.0157045,-0.863595,-0.0181676,
6,-0.143578,-0.280246,0.619625,0.354029,-0.389283,3.11073,0.0387996,-0.231652,-0.246063,0.354029,-0.389283,3.11073,0.167712,-0.0295994,1.87769,1.89911,0.102749,1.19345,-0.0927496,-0.115348,0.420707,0.0543172,-0.714406,-0.123519,0.1517,0.0188913,-0.156497,-1.21126,0.28251,-1.97572,0.11187,0.25521,0.288321,0.0122937,-3.14943e-05,0.0046357,0.0564276,0.125577,0.142975,0.0122961,-2.9286e-05,0.00462846,0.184017,0.172084,0.0517736,-1.118,0.0245332,-1.38796,-0.0711574,0.0790782,0.234183,-0.00774466,-0.860803,-0.0295975,0,0,0,0.354029,-0.389283,3.11073,0,0,0,0.354029,-0.389283,3.11073,0,0,0,1.89911,0.102749,1.19345,0,0,0,0.0543172,-0.714406,-0.123519,0,0,0,-1.21126,0.28251,-1.97572,0,0,0,0.0122937,-3.14943e-05,0.0046357,0,0,0,0.0122961,-2.9286e-05,0.00462846,0,0,0,-1.118,0.0245332,-1.38796,0,0,0,-0.00774466,-0.860803,-0.0295975,-0.00171347,0.00436984,0.00401143,0.355625,-0.384435,3.10901,0.00230651,0.00177778,0.00239197,0.355625,-0.384435,3.10901,-0.00284209,-0.000863028,-0.00188073,1.90116,0.100136,1.19765,-0.00194604,0.00379584,0.00347911,0.0607777,-0.723581,-0.128679,0.0034734,0.00123725,0.00242408,-1.22347,0.278983,-1.97855,-0.00219613,9.41086e-05,-0.000996202,0.0135774,-1.77399e-05,0.0040637,-0.000898486,0.000340831,5.33338e-05,0.0135749,-2.51189e-05,0.00406197,7.69851e-05,-0.000395104,0.00105301,-1.12951,0.02443,-1.37989,-0.00186818,0.00108129,-0.000944418,0.0125261,-0.864195,-0.0562808,0.00201921,0.00512318,0.00446344,0.358404,-0.38651,3.10813,-0.00234246,-0.000831567,0.00119845,0.358404,-0.38651,3.10813,-0.00176256,0.000408994,-0.00148742,1.90347,0.101002,1.19565,-0.000806572,0.003866,0.00275106,0.0676963,-0.72821,-0.137087,-0.000967791,-0.00091946,-0.000337318,-1.2338,0.273534,-1.98322,-0.000324354,0.00162018,-0.00176875,0.0161233,-3.65618e-05,0.00420229,3.8659e-05,0.000735151,-0.0006636,0.0161213,-3.48351e-05,0.00420242,-0.000368976,0.000762829,-0.00122658,-1.14081,0.0259093,-1.38283,0.000437016,0.000700864,-0.000105712,0.0219869,-0.851956,-0.0687818,
