1,-0.273856,-0.275541,0.511708,0.342629,-0.0211148,-3.12925,0.301281,-0.274289,0.46417,0.342629,-0.0211148,-3.12925,0.184888,-0.128841,2.00622,1.91341,0.0187215,1.55506,-0.252931,-0.126152,0.268198,2.34421,-1.21569,-1.21422,0.280963,-0.120157,0.227853,2.51462,1.2623,1.49278,0.0103085,0.262904,0.314645,0.0189409,9.83058e-05,-0.00902904,0.00410861,0.124664,0.152276,0.0189266,9.02919e-05,-0.00902098,0.167092,0.128046,0.145069,0.375185,1.06304,-0.713248,-0.158886,0.121209,0.15942,0.590706,-1.10763,0.621912,0,0,0,0.342629,-0.0211148,-3.12925,0,0,0,0.342629,-0.0211148,-3.12925,0,0,0,1.91341,0.0187215,1.55506,0,0,0,2.34421,-1.21569,-1.21422,0,0,0,2.51462,1.2623,1.49278,0,0,0,0.0189409,9.83058e-05,-0.00902904,0,0,0,0.0189266,9.02919e-05,-0.00902098,0,0,0,0.375185,1.06304,-0.713248,0,0,0,0.590706,-1.10763,0.621912,-0.0296734,-0.00642032,-0.0181275,0.341362,-0.0161731,-3.12893,0.0128974,-2.60015e-05,-0.00603048,0.341362,-0.0161731,-3.12893,0.00683413,0.00157842,0.00412925,1.91217,0.0173418,1.5598,-0.0096141,-0.00150527,-0.0156319,2.22046,-1.20638,-1.03803,0.0031144,-0.000268268,-0.00753432,2.41481,1.25021,1.35939,-0.00275149,-0.00425277,-0.00125917,0.0128225,2.60602e-05,-0.00313508,-0.000719905,-0.000388904,0.000360802,0.0128237,2.16783e-05,-0.00313482,-0.00064556,-0.000965585,0.00165918,0.415399,1.02526,-0.720741,-0.000787772,0.000244809,-0.000886804,0.61668,-1.05785,0.662125,-0.011023,-0.000763739,-0.0105865,0.345136,-0.00318934,-3.1292,-0.00605213,0.00343208,0.00818252,0.345136,-0.00318934,-3.1292,0.00261081,5.3751e-05,0.00120629,1.91596,0.012742,1.57199,-0.00411293,0.00114973,-0.0104088,2.22171,-1.21768,-1.0214,-0.00298904,-0.000305901,0.00406549,2.39105,1.23666,1.32951,-0.00409844,-1.1472e-05,-0.0024531,0.0065958,3.50004e-05,-0.00316022,-0.00201648,0.00110577,-0.000858094,0.00659249,2.29192e-05,-0.00316044,-0.00191622,-0.000565358,0.00263588,0.434389,1.01045,-0.715402,-0.00211585,0.00278033,-0.00434621,0.585636,-1.04981,0.709233,
1,-0.13658,-0.00467503,-0.328756,0.360369,0.00107503,-3.11894,0.1423,-0.00123492,-0.332189,0.356192,0.00328788,-3.1204,0.220854,-0.141498,2.0124,1.92706,0.0187196,1.58127,-0.142365,0.0318555,-0.08766,0.0876215,0.547298,1.61001,0.149311,0.0331962,-0.0906847,0.105509,-0.570851,-1.59327,0.00328774,0.249181,0.283106,0.0179347,7.43181e-05,-0.00769013,0.000890912,0.11983,0.138717,0.01794,7.16946e-05,-0.00769195,0.145888,0.120527,0.137177,-0.000563402,-0.346205,-1.54721,-0.144111,0.119113,0.140249,-0.00758981,0.346662,1.58709,0,0,0,0.360369,0.00107503,-3.11894,0,0,0,0.356192,0.00328788,-3.1204,0,0,0,1.92706,0.0187196,1.58127,0,0,0,0.0876215,0.547298,1.61001,0,0,0,0.105509,-0.570851,-1.59327,0,0,0,0.0179347,7.43181e-05,-0.00769013,0,0,0,0.01794,7.16946e-05,-0.00769195,0,0,0,-0.000563402,-0.346205,-1.54721,0,0,0,-0.00758981,0.346662,1.58709,0,0,0,0.360369,0.00107503,-3.11894,0,0,0,0.356192,0.00328788,-3.1204,0,0,0,1.92706,0.0187196,1.58127,0,0,0,0.0876215,0.547298,1.61001,0,0,0,0.105509,-0.570851,-1.59327,0,0,0,0.0179347,7.43181e-05,-0.00769013,0,0,0,0.01794,7.16946e-05,-0.00769195,0,0,0,-0.000563402,-0.346205,-1.54721,0,0,0,-0.00758981,0.346662,1.58709,0,0,0,0.360369,0.00107503,-3.11894,0,0,0,0.356192,0.00328788,-3.1204,0,0,0,1.92706,0.0187196,1.58127,0,0,0,0.0876215,0.547298,1.61001,0,0,0,0.105509,-0.570851,-1.59327,0,0,0,0.0179347,7.43181e-05,-0.00769013,0,0,0,0.01794,7.16946e-05,-0.00769195,0,0,0,-0.000563402,-0.346205,-1.54721,0,0,0,-0.00758981,0.346662,1.58709,
1,-0.125365,-0.160848,0.42808,0.350401,-0.0157166,3.12713,0.183649,-0.264106,0.383827,0.350401,-0.0157166,3.12713,0.199424,-0.147306,2.02314,1.92117,-0.00819182,1.55107,-0.167177,-0.145534,0.176669,-3.12685,-0.751628,-1.77627,0.18928,-0.179446,0.149695,3.04744,1.04599,1.64924,0.00259216,0.239791,0.290339,-0.0192776,-2.24355e-05,0.000180779,0.0012497,0.117935,0.139911,-0.0193413,-1.03401e-05,0.00015627,0.146233,0.118958,0.137776,0.0757905,0.900563,-1.35132,-0.143652,0.117038,0.142189,-0.020507,-0.992574,1.39239,0,0,0,0.350401,-0.0157166,3.12713,0,0,0,0.350401,-0.0157166,3.12713,0,0,0,1.92117,-0.00819182,1.55107,0,0,0,-3.12685,-0.751628,-1.77627,0,0,0,3.04744,1.04599,1.64924,0,0,0,-0.0192776,-2.24355e-05,0.000180779,0,0,0,-0.0193413,-1.03401e-05,0.00015627,0,0,0,0.0757905,0.900563,-1.35132,0,0,0,-0.020507,-0.992574,1.39239,0.070202,0.0368371,-0.0261669,0.336698,-0.0452148,3.09724,-0.0693027,0.0307596,-0.0175036,0.336698,-0.0452148,3.09724,-0.0307117,0.00269535,-0.0135656,1.90727,-0.0269368,1.51348,-0.000496037,0.0329689,0.00247009,-2.99294,-0.651438,-2.11953,-0.0081811,0.0256568,-0.00273923,-2.89706,0.938591,2.1352,0.00446746,-0.00780942,0.00538659,-0.0103631,-5.61678e-05,9.70983e-05,0.00216388,-0.00422315,0.00347902,-0.0103429,-1.58145e-05,5.50473e-05,0.00193628,-0.00252046,4.45274e-05,-0.242565,0.931672,-1.40074,0.00233686,-0.00591429,0.00688899,-0.224675,-1.01358,1.30407,0.1079,0.0814388,0.0398856,0.353961,-0.082405,3.08297,-0.0390252,0.074979,0.00656976,0.353961,-0.082405,3.08297,-0.0608183,0.00399329,-0.0271602,1.92364,-0.0264819,1.47323,0.0908072,0.00486098,0.0812915,-2.87713,-0.34211,-2.12573,0.0113558,0.0572278,0.0250948,-2.83007,0.755094,2.4728,0.00881502,0.00913491,-0.0080545,-0.00577526,-4.70269e-05,0.000542649,0.00432925,0.00423051,-0.00353095,-0.00578786,-1.56279e-05,0.000531779,0.0036905,0.00766524,-0.0110737,-0.486909,1.07352,-1.32142,0.00496097,0.0008075,0.00403889,-1.09441,-1.28998,2.18442,
1,0.186016,-0.00519228,0.395505,0.329848,-0.163886,-3.07333,-0.110399,0.0538059,0.41737,0.329848,-0.163886,-3.07333,0.172672,-0.139714,1.81621,1.89841,0.117527,1.43759,0.150213,-0.0640017,0.173564,-2.36862,-0.411619,-1.44461,-0.0119113,-0.081417,0.26158,-2.33913,-0.197162,2.13885,0.0464572,0.285251,0.342783,0.0260836,-0.000990904,0.0766823,0.0277,0.115825,0.139288,0.0261012,-0.000998198,0.0766813,0.163671,0.137746,0.0940378,-1.99448,0.686442,-2.99193,-0.108274,0.0939444,0.184572,-0.986919,-0.696547,2.83974,0,0,0,0.329848,-0.163886,-3.07333,0,0,0,0.329848,-0.163886,-3.07333,0,0,0,1.89841,0.117527,1.43759,0,0,0,-2.36862,-0.411619,-1.44461,0,0,0,-2.33913,-0.197162,2.13885,0,0,0,0.0260836,-0.000990904,0.0766823,0,0,0,0.0261012,-0.000998198,0.0766813,0,0,0,-1.99448,0.686442,-2.99193,0,0,0,-0.986919,-0.696547,2.83974,0.134355,-0.0658883,-0.147798,0.307231,-0.573397,-3.13476,0.147875,-0.043845,-0.0227698,0.307231,-0.573397,-3.13476,0.0469,-0.0023778,0.0395524,1.83158,0.17141,1.02082,0.033653,-0.0614438,-0.104533,-2.76522,-0.36131,-1.41876,0.0712127,-0.0588899,-0.047251,-2.01784,-0.428343,1.92999,0.134098,-0.0505212,-0.0572289,-0.0129291,-0.000510601,0.0292269,0.0532789,-0.0092541,-0.0146292,-0.0129086,-4.05005e-05,0.029148,-0.0123497,0.0274892,-0.0653568,-1.9897,0.455952,-2.85954,0.118839,-0.0461678,0.0358584,-0.589394,-0.903899,2.34537,-0.00330193,-0.0552755,-0.0357877,0.30898,-0.705002,3.0999,0.0502654,-0.0367316,-0.0149515,0.30898,-0.705002,3.0999,0.0261009,0.00532196,0.025841,1.80751,0.157842,0.879672,-0.0117254,-0.0437789,-0.0384637,-2.98157,-0.283046,-1.31058,-0.01388,-0.0375291,-0.00846448,-1.83383,-0.35466,1.7248,0.0331819,-0.03093,-0.0216421,-0.0276096,0.000233208,0.0370813,0.0171299,-0.00871152,-0.0052745,-0.0276008,0.000433459,0.0370091,-0.00080966,0.00633672,-0.012839,-1.86523,0.329114,-2.83022,0.0350667,-0.0237304,0.00240517,-0.252325,-0.911396,2.07718,
1,-0.177092,-0.310222,0.174597,0.355402,0.190339,-3.08116,0.0954844,-0.25825,0.402398,0.355402,0.190339,-3.08116,0.237382,-0.117232,1.87321,1.91952,-0.0090935,1.77019,-0.166048,-0.119349,0.0412157,-1.4294,-1.34771,2.77542,0.175416,-0.166176,0.198198,2.82841,1.10179,1.67897,-0.0493527,0.24988,0.294719,0.0120486,-8.30254e-05,0.00669673,-0.0228915,0.116558,0.13948,0.0120394,-5.02003e-05,0.00669969,0.115614,0.0984607,0.177313,0.204682,0.816097,-1.0313,-0.161392,0.134622,0.101618,-0.275126,-0.653536,1.62621,0,0,0,0.355402,0.190339,-3.08116,0,0,0,0.355402,0.190339,-3.08116,0,0,0,1.91952,-0.0090935,1.77019,0,0,0,-1.4294,-1.34771,2.77542,0,0,0,2.82841,1.10179,1.67897,0,0,0,0.0120486,-8.30254e-05,0.00669673,0,0,0,0.0120394,-5.02003e-05,0.00669969,0,0,0,0.204682,0.816097,-1.0313,0,0,0,-0.275126,-0.653536,1.62621,0.0103877,0.0509977,0.0894848,0.37793,0.118591,-3.0938,-0.00551686,0.027124,-0.0123591,0.37793,0.118591,-3.0938,-0.0141904,0.00310772,-0.00958686,1.94594,0.000796308,1.69862,-0.00876371,0.0128298,0.0413247,-2.34306,-1.33095,-2.60972,0.0118549,0.0183381,-0.00968151,-3.10311,1.07704,2.09723,0.0212501,0.010386,-0.0159134,0.00563602,-0.000219831,0.00387278,0.00972185,0.00766727,-0.00555767,0.00560329,-0.000130475,0.0038524,0.0133996,0.0154145,-0.0197693,-0.0276168,0.847702,-1.09891,0.0060555,6.21652e-05,0.00873828,-0.22053,-0.722864,1.53586,0.0437799,0.0540656,0.0707429,0.36662,0.00177568,-3.1125,-0.0158322,0.0195009,0.00722425,0.36662,0.00177568,-3.1125,-0.0293149,0.00448228,-0.0163827,1.93755,0.0265242,1.58289,0.0058943,0.0219763,0.0508521,-2.90757,-1.22714,-2.1077,-0.00512571,0.0144958,0.0120748,-2.83146,0.910895,2.45122,0.030869,-0.00603311,0.00221346,0.00361504,-0.000313744,0.00148167,0.0146723,-0.00160484,0.00212881,0.00362386,-0.000165424,0.00145889,0.0162219,0.00997914,-0.0241259,-0.408241,1.07997,-1.30272,0.0131363,-0.0131125,0.0284375,-0.098774,-0.798956,1.37421,
1,-0.479999,-0.237856,0.216275,0.305095,0.00691982,-2.98002,0.631589,0.0219677,0.274103,0.305095,0.00691982,-2.98002,0.289632,-0.115563,1.65985,1.87956,0.151974,1.62631,-0.356233,-0.062322,0.0578596,1.08877,-0.956301,-0.120445,0.448504,0.0968111,0.0933365,1.04381,0.769369,0.636294,0.0255514,0.235925,0.328322,0.000177381,1.10916e-06,-0.00136231,0.0125864,0.117438,0.163489,0.000174352,3.36844e-07,-0.0013682,0.17977,0.127968,0.143053,0.674426,0.106775,-0.152959,-0.154596,0.106903,0.183923,0.596892,-0.139312,0.830051,0,0,0,0.305095,0.00691982,-2.98002,0,0,0,0.305095,0.00691982,-2.98002,0,0,0,1.87956,0.151974,1.62631,0,0,0,1.08877,-0.956301,-0.120445,0,0,0,1.04381,0.769369,0.636294,0,0,0,0.000177381,1.10916e-06,-0.00136231,0,0,0,0.000174352,3.36844e-07,-0.0013682,0,0,0,0.674426,0.106775,-0.152959,0,0,0,0.596892,-0.139312,0.830051,-0.0288443,0.0740935,0.066003,0.309779,7.89952e-05,-2.98483,-0.0165961,-0.0175236,0.00422936,0.309779,7.89952e-05,-2.98483,-0.00519185,0.000293056,-0.00306565,1.88418,0.14922,1.61902,-0.0107696,0.0205694,0.0317223,1.33181,-0.796203,-0.403657,-0.0118293,-0.00297729,0.00437614,1.00533,0.834665,0.612996,0.000819542,0.00323389,-0.00248325,-0.00092383,-5.93139e-05,-0.000925996,0.000438679,0.00169322,-0.0013215,-0.000931951,-5.07786e-05,-0.000932853,0.000298121,0.00211321,-0.0022796,0.609556,0.140288,-0.15232,0.000588103,0.00138547,-0.000284255,0.756783,-0.141284,0.70656,0.0359283,-0.00653311,0.0133332,0.310274,-0.000847162,-2.98977,-0.020114,-0.027665,0.0207647,0.310274,-0.000847162,-2.98977,-0.00265601,0.000891722,-0.00111303,1.88447,0.14478,1.61668,0.0186339,-0.00430146,0.0024281,1.43337,-0.853678,-0.484477,-0.00737703,-0.0221544,0.0109581,1.12936,0.879102,0.674968,-0.000482086,0.000313027,-0.000117216,-0.000417531,-1.79364e-06,-0.00130715,-0.000272243,0.00012325,-5.01494e-06,-0.000418333,-7.30579e-07,-0.00131342,-0.000202357,-0.000154708,0.00040292,0.633998,0.230464,-0.179225,-0.000352859,0.000303615,-0.000478131,0.723,-0.179584,0.748549,
1,0.361242,-0.0761218,-0.00116855,0.43045,-0.75838,3.05229,-0.130187,-0.128765,0.320045,0.43045,-0.75838,3.05229,0.277939,-0.0786622,1.83491,1.88545,0.20625,0.831165,0.139049,-0.0604516,0.125974,-1.98446,-0.912186,-2.95428,0.0593903,-0.0902847,0.100521,-2.46403,-0.549144,3.13701,0.193954,0.283939,0.219888,0.0516829,0.000406771,-0.0300637,0.0995002,0.135931,0.110839,0.0516818,0.000568929,-0.0300539,0.141115,0.217169,-0.026172,-2.55327,0.270991,-2.57187,0.0578951,0.054731,0.247816,-1.01172,-0.848448,2.1275,0,0,0,0.43045,-0.75838,3.05229,0,0,0,0.43045,-0.75838,3.05229,0,0,0,1.88545,0.20625,0.831165,0,0,0,-1.98446,-0.912186,-2.95428,0,0,0,-2.46403,-0.549144,3.13701,0,0,0,0.0516829,0.000406771,-0.0300637,0,0,0,0.0516818,0.000568929,-0.0300539,0,0,0,-2.55327,0.270991,-2.57187,0,0,0,-1.01172,-0.848448,2.1275,-0.00722362,0.00989557,-0.0161728,0.434622,-0.790168,3.05472,0.00631008,0.00469818,-0.000683996,0.434622,-0.790168,3.05472,0.00792815,0.00177101,-0.00103274,1.87938,0.221129,0.801746,-0.00402361,0.00186933,-0.0220902,-1.89445,-0.946187,-2.85092,-0.000889963,0.000507193,-0.0110835,-2.42798,-0.588368,3.11863,0.00385938,0.000982283,-0.00699115,0.0567558,0.000579237,-0.0219103,0.00299032,0.00113874,-0.00415058,0.056755,0.000611786,-0.0219049,-0.00632763,0.00456639,-0.0069585,-2.54465,0.250978,-2.54938,0.0122727,-0.002332,-0.00132346,-0.862195,-0.752151,2.14241,-0.00443872,0.00855249,-0.0122473,0.452357,-0.847494,3.04818,0.0244687,0.00285687,0.00859616,0.452357,-0.847494,3.04818,0.00325941,0.00321639,-0.00252711,1.87358,0.244766,0.746708,-0.00269562,0.00233862,-0.0168772,-1.91268,-1.01514,-2.69038,0.00748719,0.00140605,-0.00654844,-2.41963,-0.636641,3.10033,0.00617472,0.00485949,-0.0148191,0.0627116,0.000573114,-0.0201942,0.00410098,0.00276524,-0.00789034,0.0627054,0.000617625,-0.0201893,-0.0132664,0.00657891,-0.00941523,-2.56323,0.236811,-2.54864,0.0214768,-0.00103904,-0.00635262,-0.693085,-0.679545,2.10642,
1,-0.402351,-0.0587382,0.395189,0.290655,-0.0169164,-3.10626,0.40758,-0.0197258,0.425295,0.290655,-0.0169164,-3.10626,0.201165,-0.0721454,1.78686,1.86164,0.0386962,1.56472,-0.283144,-0.047015,0.165714,2.14362,-0.521921,-0.941353,0.293673,-0.0174226,0.186719,2.29736,0.554374,1.10824,0.0122493,0.222884,0.338039,-0.00110841,-8.99326e-06,-0.000419301,0.00605079,0.111064,0.168242,-0.0011151,-2.28068e-06,-0.000425372,0.174462,0.116123,0.158839,1.21886,0.827156,-0.39063,-0.162358,0.105997,0.177635,1.11679,-0.625635,0.666132,0,0,0,0.290655,-0.0169164,-3.10626,0,0,0,0.290655,-0.0169164,-3.10626,0,0,0,1.86164,0.0386962,1.56472,0,0,0,2.14362,-0.521921,-0.941353,0,0,0,2.29736,0.554374,1.10824,0,0,0,-0.00110841,-8.99326e-06,-0.000419301,0,0,0,-0.0011151,-2.28068e-06,-0.000425372,0,0,0,1.21886,0.827156,-0.39063,0,0,0,1.11679,-0.625635,0.666132,0,0,0,0.290655,-0.0169164,-3.10626,0,0,0,0.290655,-0.0169164,-3.10626,0,0,0,1.86164,0.0386962,1.56472,0,0,0,2.14362,-0.521921,-0.941353,0,0,0,2.29736,0.554374,1.10824,0,0,0,-0.00110841,-8.99326e-06,-0.000419301,0,0,0,-0.0011151,-2.28068e-06,-0.000425372,0,0,0,1.21886,0.827156,-0.39063,0,0,0,1.11679,-0.625635,0.666132,0.0428591,-0.0444677,0.0791044,0.307387,-0.0145376,-3.12934,-0.0797455,-0.0198972,0.0318994,0.307387,-0.0145376,-3.12934,0.00568088,-0.0020175,-0.00237185,1.87819,0.0160811,1.56065,0.0253828,-0.0291177,0.0629099,2.48394,-0.643616,-1.02934,-0.0677411,-0.0224473,0.021269,2.72117,0.576728,1.14304,-0.00514881,0.0109843,-0.00741771,0.000700589,2.13784e-05,-0.000962534,-0.00261238,0.00531857,-0.00359068,0.000690161,5.73797e-06,-0.000975035,-0.00242661,0.00313757,0.00024857,1.00093,1.15242,-0.800216,-0.00277874,0.00750428,-0.00742753,1.16677,-1.01013,0.575006,
1,0.0263832,-0.100806,0.563164,0.254254,-0.114733,3.09819,0.158832,-0.270312,0.0684288,0.254254,-0.114733,3.09819,0.164626,-0.052789,1.67639,1.82337,-0.0132225,1.44888,-0.0924298,-0.0946302,0.356018,3.12041,-0.515462,-2.0177,0.239871,-0.0458498,-0.0602918,-2.02692,1.13462,-3.12965,0.0316846,0.193987,0.354162,-0.000481012,1.57858e-05,0.000100969,0.0157764,0.0966263,0.176308,-0.000478849,4.09646e-06,9.96749e-05,0.182489,0.109829,0.154164,-0.230173,0.160735,-1.29578,-0.150941,0.0834354,0.198468,3.06824,-1.3167,-1.95727,0,0,0,0.254254,-0.114733,3.09819,0,0,0,0.254254,-0.114733,3.09819,0,0,0,1.82337,-0.0132225,1.44888,0,0,0,3.12041,-0.515462,-2.0177,0,0,0,-2.02692,1.13462,-3.12965,0,0,0,-0.000481012,1.57858e-05,0.000100969,0,0,0,-0.000478849,4.09646e-06,9.96749e-05,0,0,0,-0.230173,0.160735,-1.29578,0,0,0,3.06824,-1.3167,-1.95727,0.0388295,-0.0185103,-0.0180185,0.24154,-0.104962,3.13072,0.00988045,-0.00794488,-0.0621974,0.24154,-0.104962,3.13072,0.0160755,-0.00601641,0.00461579,1.81101,0.0145021,1.46628,-0.0313504,-0.050764,-0.00337249,3.01106,-0.339828,-2.25273,-0.00889437,0.0182424,-0.0160473,-1.57268,1.16636,-2.66951,0.00355763,-0.00682387,0.00313005,-0.000656383,9.7191e-06,0.000218008,0.0017831,-0.0033845,0.00154557,-0.000647811,2.70879e-06,0.000239588,0.00133128,-0.00190108,-0.000440134,-0.204616,0.0854969,-1.31796,0.00223392,-0.00490434,0.00346858,1.93087,-1.43906,-1.08886,-0.0342878,-0.000825097,-0.0778602,0.261928,-0.103729,3.13056,-0.00302352,0.00354854,-0.0477289,0.261928,-0.103729,3.13056,0.0349316,0.00395402,0.00989721,1.83132,0.0161547,1.46774,-0.0537834,-0.0184793,-0.0533912,3.08044,-0.275376,-2.35777,-0.0144064,0.0151944,-0.0113934,-1.14041,1.09742,-2.26381,-0.00109332,0.0145579,-0.00773294,-0.000406851,3.27425e-06,0.000118724,-0.000552473,0.00723933,-0.00384324,-0.000439576,1.64752e-06,0.000121892,-0.000511502,0.00674212,-0.00423843,-0.194808,-0.00137602,-1.361,-0.00063001,0.00765883,-0.00357504,0.214096,-1.29028,0.561149,
1,0.244009,-0.0655756,0.366869,0.343624,0.00223332,-3.13724,-0.180928,-0.18377,0.378502,0.343624,0.00223332,-3.13724,0.202362,-0.154418,2.0226,1.91443,0.00334149,1.57437,0.0434458,-0.143691,0.280682,-2.62797,0.0248348,-2.61667,0.0190424,-0.142895,0.22135,-2.37955,0.535127,2.6956,-0.000462926,0.254505,0.312403,-0.00717016,-7.07274e-06,0.00194416,-2.90135e-05,0.124884,0.15216,-0.00715699,6.076e-07,0.00194263,0.163128,0.124858,0.15221,-1.56446,0.934911,-2.46193,-0.163179,0.124904,0.152115,-2.1896,-0.923505,2.81053,0,0,0,0.343624,0.00223332,-3.13724,0,0,0,0.343624,0.00223332,-3.13724,0,0,0,1.91443,0.00334149,1.57437,0,0,0,-2.62797,0.0248348,-2.61667,0,0,0,-2.37955,0.535127,2.6956,0,0,0,-0.00717016,-7.07274e-06,0.00194416,0,0,0,-0.00715699,6.076e-07,0.00194263,0,0,0,-1.56446,0.934911,-2.46193,0,0,0,-2.1896,-0.923505,2.81053,-0.0163841,-0.0161812,0.0404539,0.354476,-0.0185549,-3.1288,0.073514,-0.0178078,0.0550749,0.354476,-0.0185549,-3.1288,-0.0107856,-0.0043717,-0.00164706,1.92528,0.0184408,1.55784,0.0667255,0.0140133,-0.022437,-2.28782,-0.340469,-2.22411,0.00392083,0.0154651,0.0137599,-2.20609,0.809486,2.52084,0.00752535,0.00620373,-0.0071735,-0.00527252,-5.42544e-05,0.00192872,0.00366904,0.00334423,-0.0028702,-0.005289,-2.31915e-05,0.00194152,0.00349849,0.0064048,-0.00948332,-1.23021,0.940911,-2.55471,0.00385702,0.000320313,0.0037813,-1.5543,-0.780431,2.83134,-0.0596555,-0.0419536,0.0380973,0.353711,0.00545076,-3.12048,0.0727982,-0.00598576,0.0411898,0.353711,0.00545076,-3.12048,-0.0174654,0.000947674,-0.0071358,1.92457,0.0179161,1.58323,0.0256621,0.0218035,-0.0134225,-2.1111,-0.775128,-1.78287,-0.0507739,0.0109574,0.0359454,-2.2442,1.12621,1.65939,-0.0060921,-0.00100365,2.70246e-06,-0.00474481,6.98706e-05,0.00178427,-0.00299271,-0.000313143,0.000315159,-0.00474316,3.47643e-05,0.00179643,-0.00287546,-0.00279472,0.00575081,-0.581923,0.912808,-2.80953,-0.00315533,0.00219067,-0.00509884,-0.893634,-0.666638,2.87682,
1,-0.0976788,-0.139042,0.268854,0.31974,0.0701121,-3.12365,0.0545135,-0.211172,0.241036,0.31974,0.0701121,-3.12365,0.22705,-0.139454,2.01878,1.88973,-0.00497993,1.643,-0.124786,-0.171369,0.0414518,-2.81202,-0.472654,-1.80317,0.160024,-0.143514,0.0386676,-2.71746,0.881718,2.14241,-0.0224528,0.224603,0.306384,-0.0121818,0.000126919,0.018198,-0.00898698,0.109,0.147012,-0.0121948,0.000115356,0.0181729,0.135071,0.101889,0.161091,-0.296334,0.460455,-1.46948,-0.153093,0.116121,0.132912,-0.359705,-0.611821,1.70576,0,0,0,0.31974,0.0701121,-3.12365,0,0,0,0.31974,0.0701121,-3.12365,0,0,0,1.88973,-0.00497993,1.643,0,0,0,-2.81202,-0.472654,-1.80317,0,0,0,-2.71746,0.881718,2.14241,0,0,0,-0.0121818,0.000126919,0.018198,0,0,0,-0.0121948,0.000115356,0.0181729,0,0,0,-0.296334,0.460455,-1.46948,0,0,0,-0.359705,-0.611821,1.70576,0,0,0,0.31974,0.0701121,-3.12365,0,0,0,0.31974,0.0701121,-3.12365,0,0,0,1.88973,-0.00497993,1.643,0,0,0,-2.81202,-0.472654,-1.80317,0,0,0,-2.71746,0.881718,2.14241,0,0,0,-0.0121818,0.000126919,0.018198,0,0,0,-0.0121948,0.000115356,0.0181729,0,0,0,-0.296334,0.460455,-1.46948,0,0,0,-0.359705,-0.611821,1.70576,-0.0209762,0.0140645,-0.0306725,0.322168,0.0699228,-3.11464,0.011022,-0.00431777,0.00662785,0.322168,0.0699228,-3.11464,0.00464823,-0.00574347,0.000789045,1.89215,0.00344673,1.64565,0.0371248,-0.00820336,0.00354078,-2.95692,-0.370618,-1.48595,0.00168427,-0.00370213,-0.000914399,-2.77534,0.894254,2.08156,0.00353693,-0.00119937,-0.00402225,-0.0112406,4.86769e-05,0.00872108,0.000689038,0.000583927,-0.000346875,-0.0112448,4.89433e-05,0.00873616,0.000880277,0.00113327,-0.00138398,-0.253665,0.466112,-1.46666,0.000587831,1.89775e-06,0.000672155,-0.208336,-0.60063,1.84343,
1,-0.0751484,-0.187805,0.164542,0.315409,0.118825,-3.1223,0.0440361,-0.156094,0.270772,0.315409,0.118825,-3.1223,0.230238,-0.146635,2.01925,1.88396,-0.0184257,1.68976,-0.205877,-0.130372,-0.0377117,-2.40026,-0.594099,-2.53068,0.113462,-0.184878,0.0666569,-2.94936,0.501738,1.75881,-0.0348123,0.221356,0.303878,-0.000869396,-4.27753e-05,0.00774566,-0.0161609,0.107437,0.147577,-0.00085713,-7.59955e-06,0.00774928,0.125204,0.0947304,0.172308,-0.203455,0.593237,-1.59092,-0.157519,0.120145,0.122854,-0.654745,-0.405528,1.37857,0,0,0,0.315409,0.118825,-3.1223,0,0,0,0.315409,0.118825,-3.1223,0,0,0,1.88396,-0.0184257,1.68976,0,0,0,-2.40026,-0.594099,-2.53068,0,0,0,-2.94936,0.501738,1.75881,0,0,0,-0.000869396,-4.27753e-05,0.00774566,0,0,0,-0.00085713,-7.59955e-06,0.00774928,0,0,0,-0.203455,0.593237,-1.59092,0,0,0,-0.654745,-0.405528,1.37857,-0.0334297,-0.0123351,0.00727133,0.301136,0.251951,-3.12345,-0.0310439,-0.0541941,0.0141971,0.301136,0.251951,-3.12345,-0.000106287,0.00262495,0.00844824,1.86263,-0.0566398,1.81709,0.00453424,-0.0135232,-0.0118209,-2.43659,-0.487112,-2.51232,0.0133628,-0.00855559,0.0233908,3.13692,0.703505,1.74155,-0.0435072,-0.0127052,0.000214511,-0.0169906,0.000378018,0.0120124,-0.0203311,-0.00495784,-9.77238e-05,-0.0169682,0.000177848,0.0120147,-0.0313326,-0.0207918,0.0272672,0.00423666,0.549157,-1.39467,-0.00939016,0.0107959,-0.0274448,-0.741353,-0.558654,1.46008,-0.000288512,-0.0167419,0.055905,0.293486,0.149069,-3.11701,0.0726635,-0.0321945,0.0183785,0.293486,0.149069,-3.11701,-0.00159426,-0.0040909,0.00560279,1.86099,-0.0194279,1.72062,0.00299762,-0.0180713,0.0570782,-2.61971,-0.617954,-2.34434,0.0316613,-0.00521437,-0.00195876,3.07194,0.783485,1.69906,0.0336077,-0.00693911,0.0117263,-0.0321065,-0.000306932,0.00268514,0.0156782,-0.00203204,0.00439777,-0.0320973,-0.000135929,0.00269836,0.0246483,0.0102226,-0.0178637,0.0612875,0.631426,-1.35712,0.00686079,-0.0142044,0.0266387,-0.527641,-0.632204,1.45057,
1,-0.07332,-0.294717,0.256428,0.294688,0.017268,-3.12261,0.0656907,-0.22092,0.197087,0.294688,0.017268,-3.12261,0.224876,-0.137803,2.02855,1.86547,0.0131488,1.59284,-0.161242,-0.189034,0.0651572,-2.63153,-0.96114,-2.30847,0.194675,-0.152586,0.0135058,-2.56593,0.751825,2.40218,-0.00669675,0.208687,0.318447,-0.0171328,7.70795e-05,0.022207,-0.00108675,0.101805,0.152417,-0.0171389,0.000127869,0.0221931,0.143798,0.100953,0.154021,-0.461562,0.46584,-1.37628,-0.145993,0.102712,0.1508,-0.373663,-0.696077,1.50922,0,0,0,0.294688,0.017268,-3.12261,0,0,0,0.294688,0.017268,-3.12261,0,0,0,1.86547,0.0131488,1.59284,0,0,0,-2.63153,-0.96114,-2.30847,0,0,0,-2.56593,0.751825,2.40218,0,0,0,-0.0171328,7.70795e-05,0.022207,0,0,0,-0.0171389,0.000127869,0.0221931,0,0,0,-0.461562,0.46584,-1.37628,0,0,0,-0.373663,-0.696077,1.50922,0.0211347,0.0355818,-0.0333401,0.300697,-0.00213434,3.14094,-0.0357508,-0.00184808,-0.0275318,0.300697,-0.00213434,3.14094,0.00481999,0.00547818,-0.00237233,1.8715,6.33243e-06,1.56857,-0.0232373,0.0225657,-0.0125259,-2.50506,-0.82953,-2.55083,-0.00963518,0.000282899,-0.00803532,-2.36626,0.689644,2.59286,0.00240981,0.00432027,-0.00610761,-0.00545295,4.58827e-05,0.024877,0.00135727,0.00188379,-0.00130544,-0.00545777,6.23772e-05,0.0248603,0.00137989,0.00294832,-0.00331947,-0.643085,0.449728,-1.4212,0.00135129,0.000770484,0.000707898,-0.512161,-0.611082,1.40189,0.00476308,0.0359335,-0.0194844,0.312864,0.0290523,3.1375,-0.0107296,-0.0106809,0.0205707,0.312864,0.0290523,3.1375,0.00208283,0.00185465,-0.00396656,1.88355,-0.0128325,1.59718,-0.0110262,0.0153731,-0.0204376,-2.43946,-0.689668,-2.61063,-0.0287439,-0.000345278,0.00744194,-2.39267,0.830157,2.47269,-0.0105904,0.00663924,-0.00743835,-0.00497202,0.000153244,0.0279017,-0.00488661,0.00368097,-0.00265485,-0.00498916,0.000112958,0.0278969,-0.00512796,-0.000178689,0.00489643,-0.530809,0.433689,-1.51214,-0.00466218,0.00754459,-0.010207,-0.625063,-0.551968,1.38643,
1,-0.128671,-0.0595682,0.450914,0.347743,-0.085422,-3.11927,0.181314,-0.0197542,0.396109,0.347743,-0.085422,-3.11927,0.210763,-0.139277,2.02258,1.91767,0.0500755,1.49806,-0.140418,-0.139373,0.221475,2.95316,-0.358487,-1.48951,0.198872,-0.122598,0.175317,-3.1137,0.238751,1.75878,0.0285365,0.243508,0.29168,-0.0122116,-2.17585e-05,-0.00140277,0.0134142,0.118006,0.139592,-0.0122143,-1.22706e-05,-0.00139639,0.156238,0.128615,0.116895,-0.0618149,1.11503,-1.4448,-0.129419,0.107379,0.162278,0.377784,-1.07524,1.24938,0,0,0,0.347743,-0.085422,-3.11927,0,0,0,0.347743,-0.085422,-3.11927,0,0,0,1.91767,0.0500755,1.49806,0,0,0,2.95316,-0.358487,-1.48951,0,0,0,-3.1137,0.238751,1.75878,0,0,0,-0.0122116,-2.17585e-05,-0.00140277,0,0,0,-0.0122143,-1.22706e-05,-0.00139639,0,0,0,-0.0618149,1.11503,-1.4448,0,0,0,0.377784,-1.07524,1.24938,0.0505158,0.037295,0.00555437,0.369043,-0.121567,-3.13939,-0.0225948,0.0316795,-0.0129093,0.369043,-0.121567,-3.13939,-0.0177989,-0.00140403,-0.0164648,1.93739,0.0458127,1.45813,0.0153313,0.027115,0.0151806,3.00732,-0.363093,-1.61182,0.00244907,0.0201418,-0.00191501,-3.03346,0.179772,1.88506,0.00597691,0.0100649,-0.0132361,-0.00720638,-4.61906e-05,-0.000337685,0.00314128,0.00534367,-0.00513729,-0.0072269,-1.21709e-05,-0.000354679,0.00160143,0.00784113,-0.011847,-0.253095,1.13284,-1.50599,0.00470858,0.0029268,0.00161096,0.289248,-1.11669,1.2205,0.0343439,0.00865212,-0.000339618,0.35576,-0.12388,3.09649,-0.0453624,-0.000899637,-0.000566799,0.35576,-0.12388,3.09649,-0.0164744,0.00449545,-0.00787714,1.92371,0.000734075,1.43901,-0.00299891,0.0169364,0.00944924,3.0818,-0.356483,-1.81203,-0.0106131,0.00120923,0.0105611,-2.98779,0.109564,2.00464,-0.00463349,-0.0112907,0.00814235,-0.00434514,-5.8329e-06,-0.000558249,-0.00215143,-0.0052627,0.00462808,-0.00432535,-2.78571e-06,-0.000631431,-0.00116745,-0.00695947,0.00963663,-0.407082,1.17582,-1.53238,-0.00312307,-0.00353891,-0.000334119,0.165642,-1.2247,1.15263,
1,-0.207556,-0.0956185,0.471443,0.353151,-0.0757312,-3.13471,0.305756,-0.0391688,0.398718,0.353151,-0.0757312,-3.13471,0.209589,-0.141061,2.02304,1.92309,0.0326308,1.5021,-0.177023,-0.147668,0.220884,2.77214,-0.470596,-1.30841,0.232784,-0.113428,0.185056,2.84639,0.387674,1.34629,0.0243124,0.249244,0.289417,0.00304007,2.47409e-05,-0.00740277,0.010977,0.119075,0.138843,0.00302733,1.44367e-05,-0.00740043,0.154485,0.127759,0.120046,0.65076,1.11004,-1.08231,-0.13253,0.110376,0.157633,0.668463,-1.02475,1.06569,0,0,0,0.353151,-0.0757312,-3.13471,0,0,0,0.353151,-0.0757312,-3.13471,0,0,0,1.92309,0.0326308,1.5021,0,0,0,2.77214,-0.470596,-1.30841,0,0,0,2.84639,0.387674,1.34629,0,0,0,0.00304007,2.47409e-05,-0.00740277,0,0,0,0.00302733,1.44367e-05,-0.00740043,0,0,0,0.65076,1.11004,-1.08231,0,0,0,0.668463,-1.02475,1.06569,-0.000331864,0.00260709,-0.0124542,0.352307,-0.0579188,-3.13194,-0.0119827,-0.0154985,-0.00946856,0.352307,-0.0579188,-3.13194,0.00113454,0.000244862,0.000986812,1.92265,0.0290339,1.51976,0.00145523,-0.00123236,-0.0127071,2.81226,-0.461398,-1.33057,-0.0142156,-0.00580674,-0.0150191,2.83387,0.426173,1.31557,-0.00585904,-0.00376499,0.00123615,-0.0105478,4.3892e-05,-0.000794112,-0.00228036,-0.000198401,0.000376571,-0.0105459,9.78004e-06,-0.000788921,-0.00173176,-0.00200526,0.00430277,0.575132,1.03911,-1.18589,-0.00283788,0.00160644,-0.00354223,0.580221,-1.01427,1.15214,0.0199877,0.00607394,-0.0126904,0.360244,-0.0485384,-3.1353,-0.0106374,-0.0100752,0.0228383,0.360244,-0.0485384,-3.1353,0.00159243,-0.00057313,0.00158105,1.9307,0.0229974,1.52759,0.00450452,0.000401497,-0.0129247,2.88264,-0.468809,-1.41543,-0.00286769,-0.00528441,0.0174477,2.85709,0.463596,1.33622,-0.00289866,0.00377936,-0.0038422,-0.0124814,-6.13229e-06,-0.00342277,-0.00162596,0.00213293,-0.00174124,-0.0124903,-1.69557e-05,-0.00342612,-0.00131572,0.000847704,0.000779949,0.557901,1.07684,-1.1729,-0.00192464,0.00342145,-0.00426199,0.425732,-0.984714,1.2458,
1,-0.0025948,-0.258283,0.412855,0.319807,-0.195017,-3.12787,0.03173,0.0728739,-0.113428,0.319807,-0.195017,-3.12787,0.165742,-0.140504,1.79255,1.88523,0.0740132,1.38969,-0.147335,-0.145149,0.252119,2.89658,-1.12703,-2.26092,0.205019,-0.0705621,-0.033951,2.62211,-1.07126,-3.1094,0.0605628,0.225542,0.294227,-0.00232042,-6.34042e-06,-0.00151143,0.0293326,0.110132,0.143408,-0.00231509,-2.84887e-06,-0.00150973,0.164987,0.133358,0.0978485,-0.786265,0.425189,-1.36296,-0.106317,0.086938,0.189004,0.110075,-0.980277,0.792258,0,0,0,0.319807,-0.195017,-3.12787,0,0,0,0.319807,-0.195017,-3.12787,0,0,0,1.88523,0.0740132,1.38969,0,0,0,2.89658,-1.12703,-2.26092,0,0,0,2.62211,-1.07126,-3.1094,0,0,0,-0.00232042,-6.34042e-06,-0.00151143,0,0,0,-0.00231509,-2.84887e-06,-0.00150973,0,0,0,-0.786265,0.425189,-1.36296,0,0,0,0.110075,-0.980277,0.792258,-0.0521293,-0.0479305,-0.0844944,0.323377,-0.193941,-3.12566,-0.0267657,-0.0519845,0.12033,0.323377,-0.193941,-3.12566,-0.00128564,0.00238017,0.000633428,1.88886,0.0764139,1.39167,-0.0228048,-0.00211741,-0.0685748,3.12031,-1.36216,-2.39146,0.0054993,-0.0290889,0.0744529,2.92195,-0.825711,3.05321,-0.000879622,0.00233236,-0.00154673,-0.00236328,2.73296e-06,0.00133458,-0.000176063,0.00120549,-0.00081512,-0.00236591,1.8874e-06,0.00133676,-0.000184369,0.00105038,-0.00100388,-1.05606,0.744102,-1.44119,-0.000177499,0.00132631,-0.000657997,0.0102185,-0.718218,1.02424,0.0893575,0.0600135,0.0557051,0.335217,-0.20213,-3.12811,-0.0199378,-0.06071,0.113425,0.335217,-0.20213,-3.12811,0.0027401,0.000294581,0.00164123,1.89999,0.0788473,1.38401,0.0508466,-0.00652903,0.0634045,-3.13152,-1.06297,-2.42992,-0.0255447,-0.0386173,0.0578086,-3.11537,-0.612003,2.88712,0.000831263,0.00679024,-0.00558306,-0.00222201,-1.38987e-05,0.00160956,0.000434595,0.00331802,-0.00271659,-0.00223591,-4.36342e-06,0.00160941,-0.000298411,0.00365861,-0.00470591,-1.33712,0.923638,-1.73722,0.00117339,0.00296502,-0.000742332,-0.0657297,-1.02222,0.991509,
1,0.224102,-0.179,0.312471,0.314384,-0.1945,3.07639,-0.0944089,-0.137036,0.456667,0.314384,-0.1945,3.07639,0.237449,-0.131616,1.83081,1.87906,-0.00232698,1.3658,0.170442,-0.149829,0.0785651,-2.40699,-0.727247,-1.51226,-0.127949,-0.0781169,0.234263,-1.83774,0.844051,1.77253,0.0533867,0.227566,0.322715,0.00330812,-1.23373e-05,-0.00453351,0.0242015,0.104326,0.14869,0.00329526,1.82452e-06,-0.00454087,0.162538,0.123345,0.112796,-0.781958,0.428715,-2.98058,-0.11417,0.0852053,0.184494,-0.634437,-0.564718,2.5453,0,0,0,0.314384,-0.1945,3.07639,0,0,0,0.314384,-0.1945,3.07639,0,0,0,1.87906,-0.00232698,1.3658,0,0,0,-2.40699,-0.727247,-1.51226,0,0,0,-1.83774,0.844051,1.77253,0,0,0,0.00330812,-1.23373e-05,-0.00453351,0,0,0,0.00329526,1.82452e-06,-0.00454087,0,0,0,-0.781958,0.428715,-2.98058,0,0,0,-0.634437,-0.564718,2.5453,-0.0251485,-0.00361232,-0.00543668,0.320644,-0.172954,3.07798,-0.004056,-0.00201063,-0.0127186,0.320644,-0.172954,3.07798,0.0133079,-0.000799985,0.00740083,1.8865,-0.00619676,1.38673,-0.0466673,0.0336678,0.0133641,-2.26982,-0.917974,-1.69498,-0.0227082,-0.00943829,-0.0158203,-1.98199,0.843787,1.6024,-0.00826474,-0.00328728,-0.00797101,-0.0135096,3.53746e-05,-0.000116764,-0.00325151,0.00236763,-0.00115923,-0.0135186,1.00738e-05,-0.000113479,-0.00153959,-0.00013759,0.00288522,-0.728865,0.416054,-2.92805,-0.00493857,0.00489848,-0.00516496,-0.57496,-0.545304,2.52796,-0.0313412,-0.00231788,0.0642205,0.318892,-0.146357,3.08721,0.00110107,0.0108799,-0.0467674,0.318892,-0.146357,3.08721,-0.00204425,-0.00477341,-0.00053344,1.88617,-0.00596485,1.41485,0.0132695,-0.0250044,0.0494629,-2.44995,-0.804681,-1.46518,0.0411262,0.0441453,-0.0407741,-1.76523,0.966221,1.85251,-0.00741212,-0.00364106,-0.0035916,-0.019371,4.28084e-05,-0.000253337,-0.00329033,0.000301832,0.000220514,-0.0193708,1.05681e-05,-0.000242518,-0.00182147,-0.00226206,0.0050573,-0.639709,0.365043,-2.88469,-0.00473388,0.00293576,-0.00455588,-0.599536,-0.670231,2.61592,
1,-0.547132,-0.164242,0.196085,0.276212,-0.103785,-2.96017,0.725495,0.102178,0.142902,0.276212,-0.103785,-2.96017,0.277043,-0.158215,1.72541,1.85139,0.20277,1.52093,-0.363107,0.00622127,0.102195,0.640363,-0.49947,0.222859,0.474507,0.157775,0.0303952,0.811303,0.691885,0.480581,0.0666548,0.231124,0.325854,-0.00105746,-1.03286e-05,-0.00112042,0.0330478,0.115141,0.162217,-0.00105666,-4.10555e-06,-0.00112418,0.19121,0.142801,0.110367,0.597134,0.116772,-0.0319463,-0.125113,0.0875114,0.214065,0.569953,0.237009,0.714953,0,0,0,0.276212,-0.103785,-2.96017,0,0,0,0.276212,-0.103785,-2.96017,0,0,0,1.85139,0.20277,1.52093,0,0,0,0.640363,-0.49947,0.222859,0,0,0,0.811303,0.691885,0.480581,0,0,0,-0.00105746,-1.03286e-05,-0.00112042,0,0,0,-0.00105666,-4.10555e-06,-0.00112418,0,0,0,0.597134,0.116772,-0.0319463,0,0,0,0.569953,0.237009,0.714953,-0.0277646,0.0408546,-0.0109587,0.282749,-0.104153,-2.97418,0.0121847,0.0349174,-0.0219805,0.282749,-0.104153,-2.97418,0.00165367,0.00245482,-0.00293384,1.85726,0.189755,1.51788,-0.00659066,0.0197547,-0.00773195,0.659399,-0.403994,0.185179,-0.00113066,0.0172924,-0.0122095,0.77765,0.602532,0.44649,-0.00299351,0.0025196,-0.00118436,-0.000857365,4.03203e-07,-0.00126323,-0.00149957,0.00123731,-0.000578542,-0.000863071,-2.79909e-07,-0.00127499,-0.000694219,-2.54123e-05,0.00123718,0.616707,0.031635,-0.0400482,-0.00230652,0.00247557,-0.00239574,0.630345,0.298633,0.692384,-0.0318112,0.0289305,0.00240322,0.290886,-0.101546,-2.98985,0.00628194,0.0287119,-0.0127135,0.290886,-0.101546,-2.98985,-0.0037972,0.000610994,-0.00529149,1.86474,0.174438,1.51732,-0.0182622,0.0080707,-0.00733641,0.71864,-0.355011,0.105354,-0.00296169,0.013562,-0.00300911,0.734444,0.521727,0.412668,-0.00431213,0.00323185,-0.00154693,-3.29475e-06,3.99133e-06,-0.00160406,-0.00215468,0.00153712,-0.000716547,-9.08679e-06,1.02947e-06,-0.00161541,-0.00102233,-0.000262871,0.00205296,0.620425,-0.0354081,-0.0354617,-0.00328156,0.00334678,-0.00347333,0.705988,0.312712,0.657001,
1,-0.120745,-0.212542,0.187874,0.282816,-0.122561,3.0786,0.286932,-0.215763,-0.183412,0.282816,-0.122561,3.0786,0.219717,-0.0737098,1.69074,1.85154,-0.0264067,1.43561,-0.291151,-0.0722428,0.0304079,-2.56389,-0.962324,-2.65406,0.194229,0.0272291,-0.106713,-0.258886,0.721294,-1.14726,0.0302404,0.212119,0.34325,-0.00119672,-1.38855e-05,4.82644e-05,0.015045,0.105712,0.170836,-0.00119615,-3.79574e-06,2.52952e-05,0.181614,0.118295,0.148375,-0.0441463,-0.192812,-1.42124,-0.151516,0.0931323,0.1933,-0.21547,-0.141078,1.07047,0,0,0,0.282816,-0.122561,3.0786,0,0,0,0.282816,-0.122561,3.0786,0,0,0,1.85154,-0.0264067,1.43561,0,0,0,-2.56389,-0.962324,-2.65406,0,0,0,-0.258886,0.721294,-1.14726,0,0,0,-0.00119672,-1.38855e-05,4.82644e-05,0,0,0,-0.00119615,-3.79574e-06,2.52952e-05,0,0,0,-0.0441463,-0.192812,-1.42124,0,0,0,-0.21547,-0.141078,1.07047,-0.0236285,-0.0281767,-0.059217,0.283701,-0.117337,3.0478,-0.0284028,0.00385825,-0.0216794,0.283701,-0.117337,3.0478,-0.000151406,-0.000881997,0.00109375,1.85297,-0.0573188,1.43202,0.00594072,0.0233442,-0.0316767,-2.2136,-1.12192,-2.98767,-0.014289,-0.00113034,0.00506458,-0.262345,0.616763,-1.2245,-0.00766232,-0.000690585,0.00108063,-0.00108191,9.20061e-06,0.000183643,-0.0037985,-0.000352401,0.000542244,-0.00108351,2.80322e-06,0.000145439,-0.00288072,-0.00352878,0.00621813,-0.0568448,-0.210975,-1.4887,-0.00468802,0.00281895,-0.00513058,-0.168694,-0.0461311,1.12255,0,0,0,0.283701,-0.117337,3.0478,0,0,0,0.283701,-0.117337,3.0478,0,0,0,1.85297,-0.0573188,1.43202,0,0,0,-2.2136,-1.12192,-2.98767,0,0,0,-0.262345,0.616763,-1.2245,0,0,0,-0.00108191,9.20061e-06,0.000183643,0,0,0,-0.00108351,2.80322e-06,0.000145439,0,0,0,-0.0568448,-0.210975,-1.4887,0,0,0,-0.168694,-0.0461311,1.12255,
